drive_bucket,drive_type,interface_type,capacity_gb,month,real_median_price,real_mean_price,sample_size,raw_sample_size
Enterprise SATA 1000GB,Enterprise,SATA,1000,2025-09-01,29.99,33.12,16,16
Enterprise SATA 1000GB,Enterprise,SATA,1000,2025-10-01,39.99,45.18,27,27
Enterprise SATA 1000GB,Enterprise,SATA,1000,2025-11-01,49.99,49.99,26,38
Enterprise SATA 1000GB,Enterprise,SATA,1000,2025-12-01,49.99,49.99,26,26
Enterprise SATA 1000GB,Enterprise,SATA,1000,2026-01-01,49.99,54.03,9,9
Enterprise SATA 1000GB,Enterprise,SATA,1000,2026-02-01,59.99,66.53,15,15
Enterprise SATA 1000GB,Enterprise,SATA,1000,2026-03-01,85.0,71.78,33,33
Enterprise SATA 1000GB,Enterprise,SATA,1000,2026-04-01,54.99,57.1,19,19
Enterprise SATA 1000GB,Enterprise,SATA,1000,2026-05-01,30.0,30.0,6,8
Enterprise SATA 12000GB,Enterprise,SATA,12000,2025-09-01,300.0,265.21,10,10
Enterprise SATA 12000GB,Enterprise,SATA,12000,2025-10-01,249.99,274.71,7,7
Enterprise SATA 12000GB,Enterprise,SATA,12000,2025-12-01,353.5,353.5,4,4
Enterprise SATA 12000GB,Enterprise,SATA,12000,2026-04-01,387.99,398.16,3,3
Enterprise SATA 16000GB,Enterprise,SATA,16000,2025-10-01,225.0,225.0,9,10
Enterprise SATA 16000GB,Enterprise,SATA,16000,2025-11-01,350.0,350.0,6,6
Enterprise SATA 16000GB,Enterprise,SATA,16000,2026-02-01,450.0,450.0,6,6
Enterprise SATA 16000GB,Enterprise,SATA,16000,2026-03-01,499.99,477.28,24,24
Enterprise SATA 16000GB,Enterprise,SATA,16000,2026-04-01,530.49,535.43,17,17
Enterprise SATA 18000GB,Enterprise,SATA,18000,2025-12-01,385.53,385.53,8,8
Enterprise SATA 20000GB,Enterprise,SATA,20000,2025-10-01,319.99,319.99,36,36
Enterprise SATA 20000GB,Enterprise,SATA,20000,2025-11-01,319.99,319.99,13,15
Enterprise SATA 20000GB,Enterprise,SATA,20000,2026-03-01,549.0,549.0,4,4
Enterprise SATA 20000GB,Enterprise,SATA,20000,2026-04-01,499.0,513.0,5,5
Enterprise SATA 2000GB,Enterprise,SATA,2000,2025-10-01,100.0,100.0,6,7
Enterprise SATA 2000GB,Enterprise,SATA,2000,2026-02-01,89.99,89.99,3,3
Enterprise SATA 2000GB,Enterprise,SATA,2000,2026-04-01,89.99,93.91,23,24
Enterprise SATA 2000GB,Enterprise,SATA,2000,2026-05-01,89.99,89.99,8,10
Enterprise SATA 30720GB,Enterprise,SATA,30720,2025-12-01,669.0,669.0,6,6
Enterprise SATA 30720GB,Enterprise,SATA,30720,2026-01-01,689.0,689.0,6,6
Enterprise SATA 3072GB,Enterprise,SATA,3072,2026-02-01,85.0,85.0,7,7
Enterprise SATA 3GB,Enterprise,SATA,3,2025-12-01,28.99,28.99,4,4
Enterprise SATA 3GB,Enterprise,SATA,3,2026-01-01,28.99,28.99,9,9
Enterprise SATA 4000GB,Enterprise,SATA,4000,2025-10-01,486.9,486.9,3,4
Enterprise SATA 4000GB,Enterprise,SATA,4000,2025-11-01,95.99,95.13,7,9
Enterprise SATA 4000GB,Enterprise,SATA,4000,2026-01-01,98.76,115.03,5,5
Enterprise SATA 4000GB,Enterprise,SATA,4000,2026-03-01,189.0,194.0,4,6
Enterprise SATA 4000GB,Enterprise,SATA,4000,2026-04-01,179.0,179.0,13,15
Enterprise SATA 500GB,Enterprise,SATA,500,2026-01-01,34.99,34.99,9,9
Enterprise SATA 500GB,Enterprise,SATA,500,2026-02-01,34.99,34.99,6,6
Enterprise SATA 6000GB,Enterprise,SATA,6000,2025-09-01,89.99,89.99,27,27
Enterprise SATA 6000GB,Enterprise,SATA,6000,2025-10-01,89.99,89.99,22,25
Enterprise SATA 6000GB,Enterprise,SATA,6000,2025-11-01,105.0,105.0,19,22
Enterprise SATA 6000GB,Enterprise,SATA,6000,2026-01-01,135.0,135.0,11,11
Enterprise SATA 6000GB,Enterprise,SATA,6000,2026-02-01,175.0,159.0,5,5
Enterprise SATA 6000GB,Enterprise,SATA,6000,2026-03-01,164.0,166.0,10,12
Enterprise SATA 6000GB,Enterprise,SATA,6000,2026-04-01,189.0,186.0,3,3
Enterprise SATA 6000GB,Enterprise,SATA,6000,2026-05-01,360.39,400.25,3,3
Enterprise SATA 8000GB,Enterprise,SATA,8000,2026-02-01,299.0,299.0,5,5
External USB 24576GB,External,USB,24576,2025-11-01,239.99,239.99,8,9
External USB 24576GB,External,USB,24576,2025-12-01,329.99,329.99,4,5
External USB 26624GB,External,USB,26624,2025-11-01,299.99,299.99,9,9
External USB 26624GB,External,USB,26624,2025-12-01,295.99,295.99,6,6
HDD Enterprise Fibre Channel 146GB,HDD Enterprise,Fibre Channel,146,2026-01-01,299.0,299.0,5,5
HDD Enterprise Fibre Channel 146GB,HDD Enterprise,Fibre Channel,146,2026-02-01,299.0,299.0,3,3
HDD Enterprise Fibre Channel 146GB,HDD Enterprise,Fibre Channel,146,2026-03-01,299.0,299.0,5,5
HDD Enterprise Fibre Channel 300GB,HDD Enterprise,Fibre Channel,300,2026-02-01,45.0,45.0,6,6
HDD Enterprise Fibre Channel 400GB,HDD Enterprise,Fibre Channel,400,2025-11-01,829.0,829.0,8,8
HDD Enterprise Fibre Channel 400GB,HDD Enterprise,Fibre Channel,400,2025-12-01,829.0,829.0,4,4
HDD Enterprise Fibre Channel 400GB,HDD Enterprise,Fibre Channel,400,2026-01-01,299.0,299.0,11,11
HDD Enterprise Fibre Channel 400GB,HDD Enterprise,Fibre Channel,400,2026-02-01,299.0,299.0,31,31
HDD Enterprise Fibre Channel 400GB,HDD Enterprise,Fibre Channel,400,2026-03-01,299.0,299.0,26,26
HDD Enterprise Fibre Channel 400GB,HDD Enterprise,Fibre Channel,400,2026-04-01,299.0,299.0,15,15
HDD Enterprise Fibre Channel 400GB,HDD Enterprise,Fibre Channel,400,2026-05-01,299.0,299.0,3,3
HDD Enterprise Fibre Channel 500GB,HDD Enterprise,Fibre Channel,500,2025-09-01,229.0,229.0,4,4
HDD Enterprise Fibre Channel 500GB,HDD Enterprise,Fibre Channel,500,2025-10-01,229.0,220.84,19,19
HDD Enterprise Fibre Channel 500GB,HDD Enterprise,Fibre Channel,500,2025-11-01,229.0,229.0,5,6
HDD Enterprise Fibre Channel 500GB,HDD Enterprise,Fibre Channel,500,2025-12-01,229.0,217.5,38,38
HDD Enterprise Fibre Channel 500GB,HDD Enterprise,Fibre Channel,500,2026-02-01,198.0,198.0,7,7
HDD Enterprise Fibre Channel 500GB,HDD Enterprise,Fibre Channel,500,2026-03-01,174.0,181.76,34,34
HDD Enterprise Fibre Channel 500GB,HDD Enterprise,Fibre Channel,500,2026-04-01,174.0,174.0,21,27
HDD Enterprise Fibre Channel 500GB,HDD Enterprise,Fibre Channel,500,2026-05-01,189.0,189.0,3,3
HDD Enterprise Fibre Channel 600GB,HDD Enterprise,Fibre Channel,600,2025-11-01,289.0,289.0,6,6
HDD Enterprise Fibre Channel 600GB,HDD Enterprise,Fibre Channel,600,2025-12-01,289.0,291.4,30,30
HDD Enterprise Fibre Channel 600GB,HDD Enterprise,Fibre Channel,600,2026-03-01,289.0,289.0,3,3
HDD Enterprise Fibre Channel 600GB,HDD Enterprise,Fibre Channel,600,2026-04-01,289.0,289.0,27,27
HDD Enterprise Fibre Channel 73GB,HDD Enterprise,Fibre Channel,73,2026-03-01,99.0,99.0,6,6
HDD Enterprise SAS 10000GB,HDD Enterprise,SAS,10000,2025-09-01,144.99,144.84,51,68
HDD Enterprise SAS 10000GB,HDD Enterprise,SAS,10000,2025-10-01,139.99,145.89,137,138
HDD Enterprise SAS 10000GB,HDD Enterprise,SAS,10000,2025-11-01,159.0,175.71,80,80
HDD Enterprise SAS 10000GB,HDD Enterprise,SAS,10000,2025-12-01,159.0,224.13,85,85
HDD Enterprise SAS 10000GB,HDD Enterprise,SAS,10000,2026-01-01,335.0,332.87,22,25
HDD Enterprise SAS 10000GB,HDD Enterprise,SAS,10000,2026-02-01,199.0,201.57,21,25
HDD Enterprise SAS 10000GB,HDD Enterprise,SAS,10000,2026-03-01,230.0,219.59,27,35
HDD Enterprise SAS 10000GB,HDD Enterprise,SAS,10000,2026-04-01,320.0,348.14,8,10
HDD Enterprise SAS 1000GB,HDD Enterprise,SAS,1000,2025-09-01,79.88,85.51,198,207
HDD Enterprise SAS 1000GB,HDD Enterprise,SAS,1000,2025-10-01,77.99,95.16,405,443
HDD Enterprise SAS 1000GB,HDD Enterprise,SAS,1000,2025-11-01,101.94,106.31,672,692
HDD Enterprise SAS 1000GB,HDD Enterprise,SAS,1000,2025-12-01,92.69,110.1,519,532
HDD Enterprise SAS 1000GB,HDD Enterprise,SAS,1000,2026-01-01,125.48,108.24,512,530
HDD Enterprise SAS 1000GB,HDD Enterprise,SAS,1000,2026-02-01,149.99,122.75,934,1039
HDD Enterprise SAS 1000GB,HDD Enterprise,SAS,1000,2026-03-01,149.99,126.94,1290,1387
HDD Enterprise SAS 1000GB,HDD Enterprise,SAS,1000,2026-04-01,129.98,114.68,962,1086
HDD Enterprise SAS 1000GB,HDD Enterprise,SAS,1000,2026-05-01,119.98,114.47,242,270
HDD Enterprise SAS 12000GB,HDD Enterprise,SAS,12000,2025-09-01,349.99,322.48,23,30
HDD Enterprise SAS 12000GB,HDD Enterprise,SAS,12000,2025-10-01,298.0,319.2,78,90
HDD Enterprise SAS 12000GB,HDD Enterprise,SAS,12000,2025-11-01,292.89,277.78,81,83
HDD Enterprise SAS 12000GB,HDD Enterprise,SAS,12000,2025-12-01,283.33,282.18,54,62
HDD Enterprise SAS 12000GB,HDD Enterprise,SAS,12000,2026-01-01,282.56,310.82,32,32
HDD Enterprise SAS 12000GB,HDD Enterprise,SAS,12000,2026-02-01,329.99,339.79,48,51
HDD Enterprise SAS 12000GB,HDD Enterprise,SAS,12000,2026-03-01,449.97,410.11,14,17
HDD Enterprise SAS 12000GB,HDD Enterprise,SAS,12000,2026-04-01,449.97,345.15,31,31
HDD Enterprise SAS 1229GB,HDD Enterprise,SAS,1229,2025-09-01,62.59,72.08,230,230
HDD Enterprise SAS 1229GB,HDD Enterprise,SAS,1229,2025-10-01,79.75,84.99,535,546
HDD Enterprise SAS 1229GB,HDD Enterprise,SAS,1229,2025-11-01,95.0,106.29,655,655
HDD Enterprise SAS 1229GB,HDD Enterprise,SAS,1229,2025-12-01,72.0,73.24,598,609
HDD Enterprise SAS 1229GB,HDD Enterprise,SAS,1229,2026-01-01,145.0,109.92,834,836
HDD Enterprise SAS 1229GB,HDD Enterprise,SAS,1229,2026-02-01,145.0,117.72,1383,1387
HDD Enterprise SAS 1229GB,HDD Enterprise,SAS,1229,2026-03-01,125.0,111.38,1414,1423
HDD Enterprise SAS 1229GB,HDD Enterprise,SAS,1229,2026-04-01,125.0,125.0,689,1033
HDD Enterprise SAS 1229GB,HDD Enterprise,SAS,1229,2026-05-01,150.0,150.0,272,307
HDD Enterprise SAS 12GB,HDD Enterprise,SAS,12,2025-09-01,47.88,53.14,62,62
HDD Enterprise SAS 12GB,HDD Enterprise,SAS,12,2025-10-01,47.88,46.93,113,122
HDD Enterprise SAS 12GB,HDD Enterprise,SAS,12,2025-11-01,49.88,113.61,138,138
HDD Enterprise SAS 12GB,HDD Enterprise,SAS,12,2025-12-01,43.88,72.57,149,152
HDD Enterprise SAS 12GB,HDD Enterprise,SAS,12,2026-01-01,17.88,28.73,76,78
HDD Enterprise SAS 12GB,HDD Enterprise,SAS,12,2026-02-01,36.5,55.42,156,170
HDD Enterprise SAS 12GB,HDD Enterprise,SAS,12,2026-03-01,37.89,48.33,156,159
HDD Enterprise SAS 12GB,HDD Enterprise,SAS,12,2026-04-01,39.88,35.58,133,147
HDD Enterprise SAS 12GB,HDD Enterprise,SAS,12,2026-05-01,42.98,39.95,51,53
HDD Enterprise SAS 14000GB,HDD Enterprise,SAS,14000,2025-09-01,548.9,548.9,23,28
HDD Enterprise SAS 14000GB,HDD Enterprise,SAS,14000,2025-10-01,249.95,249.95,7,8
HDD Enterprise SAS 14000GB,HDD Enterprise,SAS,14000,2025-11-01,420.0,420.0,9,9
HDD Enterprise SAS 14000GB,HDD Enterprise,SAS,14000,2025-12-01,345.0,345.0,18,22
HDD Enterprise SAS 14000GB,HDD Enterprise,SAS,14000,2026-01-01,249.95,249.95,16,17
HDD Enterprise SAS 14000GB,HDD Enterprise,SAS,14000,2026-02-01,249.95,253.95,56,70
HDD Enterprise SAS 14000GB,HDD Enterprise,SAS,14000,2026-04-01,375.0,359.48,50,50
HDD Enterprise SAS 14000GB,HDD Enterprise,SAS,14000,2026-05-01,375.0,373.86,7,7
HDD Enterprise SAS 146GB,HDD Enterprise,SAS,146,2025-09-01,28.98,74.81,78,78
HDD Enterprise SAS 146GB,HDD Enterprise,SAS,146,2025-10-01,27.86,62.85,202,202
HDD Enterprise SAS 146GB,HDD Enterprise,SAS,146,2025-11-01,27.49,36.28,148,170
HDD Enterprise SAS 146GB,HDD Enterprise,SAS,146,2025-12-01,24.99,20.88,137,158
HDD Enterprise SAS 146GB,HDD Enterprise,SAS,146,2026-01-01,24.95,18.89,122,140
HDD Enterprise SAS 146GB,HDD Enterprise,SAS,146,2026-02-01,10.8,16.94,167,183
HDD Enterprise SAS 146GB,HDD Enterprise,SAS,146,2026-03-01,22.73,20.55,153,160
HDD Enterprise SAS 146GB,HDD Enterprise,SAS,146,2026-04-01,27.99,25.97,230,236
HDD Enterprise SAS 146GB,HDD Enterprise,SAS,146,2026-05-01,27.99,23.97,68,78
HDD Enterprise SAS 147GB,HDD Enterprise,SAS,147,2025-12-01,84.99,84.99,5,6
HDD Enterprise SAS 147GB,HDD Enterprise,SAS,147,2026-04-01,84.99,84.99,6,6
HDD Enterprise SAS 147GB,HDD Enterprise,SAS,147,2026-05-01,84.99,84.99,5,5
HDD Enterprise SAS 16000GB,HDD Enterprise,SAS,16000,2025-09-01,425.0,425.0,19,19
HDD Enterprise SAS 16000GB,HDD Enterprise,SAS,16000,2025-10-01,425.0,455.56,72,79
HDD Enterprise SAS 16000GB,HDD Enterprise,SAS,16000,2025-11-01,295.0,295.0,19,22
HDD Enterprise SAS 16000GB,HDD Enterprise,SAS,16000,2025-12-01,395.0,410.55,54,63
HDD Enterprise SAS 16000GB,HDD Enterprise,SAS,16000,2026-01-01,512.99,608.84,19,20
HDD Enterprise SAS 16000GB,HDD Enterprise,SAS,16000,2026-02-01,430.99,449.63,11,11
HDD Enterprise SAS 16000GB,HDD Enterprise,SAS,16000,2026-03-01,439.97,422.92,44,54
HDD Enterprise SAS 16000GB,HDD Enterprise,SAS,16000,2026-04-01,409.99,408.31,54,82
HDD Enterprise SAS 16000GB,HDD Enterprise,SAS,16000,2026-05-01,389.9,389.9,7,7
HDD Enterprise SAS 1638GB,HDD Enterprise,SAS,1638,2025-12-01,399.0,420.84,11,11
HDD Enterprise SAS 1638GB,HDD Enterprise,SAS,1638,2026-01-01,524.0,524.0,6,7
HDD Enterprise SAS 1638GB,HDD Enterprise,SAS,1638,2026-03-01,1299.0,1112.4,25,25
HDD Enterprise SAS 1638GB,HDD Enterprise,SAS,1638,2026-04-01,1148.83,1148.83,18,18
HDD Enterprise SAS 1638GB,HDD Enterprise,SAS,1638,2026-05-01,479.0,701.71,7,7
HDD Enterprise SAS 18000GB,HDD Enterprise,SAS,18000,2025-09-01,369.0,369.0,12,15
HDD Enterprise SAS 18000GB,HDD Enterprise,SAS,18000,2025-10-01,399.95,1304.0,57,57
HDD Enterprise SAS 18000GB,HDD Enterprise,SAS,18000,2025-11-01,336.94,1175.49,44,44
HDD Enterprise SAS 18000GB,HDD Enterprise,SAS,18000,2025-12-01,2849.99,1757.99,30,30
HDD Enterprise SAS 18000GB,HDD Enterprise,SAS,18000,2026-01-01,373.0,373.29,7,11
HDD Enterprise SAS 18000GB,HDD Enterprise,SAS,18000,2026-02-01,2849.99,2305.12,23,23
HDD Enterprise SAS 18000GB,HDD Enterprise,SAS,18000,2026-03-01,2849.99,2849.99,17,19
HDD Enterprise SAS 18000GB,HDD Enterprise,SAS,18000,2026-04-01,2849.99,1753.88,9,9
HDD Enterprise SAS 1GB,HDD Enterprise,SAS,1,2025-09-01,28.88,28.88,6,7
HDD Enterprise SAS 1GB,HDD Enterprise,SAS,1,2025-10-01,28.88,28.88,17,17
HDD Enterprise SAS 1GB,HDD Enterprise,SAS,1,2025-11-01,28.88,28.88,8,8
HDD Enterprise SAS 1GB,HDD Enterprise,SAS,1,2026-01-01,28.88,28.88,6,6
HDD Enterprise SAS 1GB,HDD Enterprise,SAS,1,2026-02-01,28.88,28.88,3,3
HDD Enterprise SAS 20000GB,HDD Enterprise,SAS,20000,2025-10-01,360.0,360.0,6,7
HDD Enterprise SAS 20000GB,HDD Enterprise,SAS,20000,2025-12-01,385.0,398.63,7,7
HDD Enterprise SAS 20000GB,HDD Enterprise,SAS,20000,2026-01-01,360.0,360.0,6,7
HDD Enterprise SAS 20000GB,HDD Enterprise,SAS,20000,2026-02-01,460.0,426.67,6,8
HDD Enterprise SAS 20000GB,HDD Enterprise,SAS,20000,2026-03-01,460.0,591.79,28,28
HDD Enterprise SAS 20000GB,HDD Enterprise,SAS,20000,2026-04-01,925.0,925.0,3,4
HDD Enterprise SAS 2000GB,HDD Enterprise,SAS,2000,2025-09-01,92.0,103.72,252,301
HDD Enterprise SAS 2000GB,HDD Enterprise,SAS,2000,2025-10-01,92.0,153.59,592,592
HDD Enterprise SAS 2000GB,HDD Enterprise,SAS,2000,2025-11-01,115.0,140.45,580,589
HDD Enterprise SAS 2000GB,HDD Enterprise,SAS,2000,2025-12-01,78.9,83.68,528,633
HDD Enterprise SAS 2000GB,HDD Enterprise,SAS,2000,2026-01-01,85.0,86.93,403,480
HDD Enterprise SAS 2000GB,HDD Enterprise,SAS,2000,2026-02-01,84.0,92.87,473,551
HDD Enterprise SAS 2000GB,HDD Enterprise,SAS,2000,2026-03-01,185.0,158.17,626,676
HDD Enterprise SAS 2000GB,HDD Enterprise,SAS,2000,2026-04-01,185.0,164.39,652,786
HDD Enterprise SAS 2000GB,HDD Enterprise,SAS,2000,2026-05-01,135.13,133.79,103,131
HDD Enterprise SAS 200GB,HDD Enterprise,SAS,200,2025-10-01,34.99,34.99,5,5
HDD Enterprise SAS 200GB,HDD Enterprise,SAS,200,2026-01-01,39.0,39.0,12,12
HDD Enterprise SAS 200GB,HDD Enterprise,SAS,200,2026-02-01,39.0,39.0,27,27
HDD Enterprise SAS 22528GB,HDD Enterprise,SAS,22528,2026-01-01,349.99,349.99,7,7
HDD Enterprise SAS 22528GB,HDD Enterprise,SAS,22528,2026-02-01,349.99,349.99,7,9
HDD Enterprise SAS 22528GB,HDD Enterprise,SAS,22528,2026-03-01,509.88,509.88,3,3
HDD Enterprise SAS 22528GB,HDD Enterprise,SAS,22528,2026-04-01,639.0,639.0,3,3
HDD Enterprise SAS 24576GB,HDD Enterprise,SAS,24576,2025-10-01,697.0,648.0,13,13
HDD Enterprise SAS 24576GB,HDD Enterprise,SAS,24576,2026-05-01,785.0,656.67,3,3
HDD Enterprise SAS 2458GB,HDD Enterprise,SAS,2458,2025-09-01,253.0,235.57,98,98
HDD Enterprise SAS 2458GB,HDD Enterprise,SAS,2458,2025-10-01,260.0,250.14,326,338
HDD Enterprise SAS 2458GB,HDD Enterprise,SAS,2458,2025-11-01,278.97,297.36,380,380
HDD Enterprise SAS 2458GB,HDD Enterprise,SAS,2458,2025-12-01,295.86,276.55,195,198
HDD Enterprise SAS 2458GB,HDD Enterprise,SAS,2458,2026-01-01,299.86,317.16,117,117
HDD Enterprise SAS 2458GB,HDD Enterprise,SAS,2458,2026-02-01,359.99,398.67,348,348
HDD Enterprise SAS 2458GB,HDD Enterprise,SAS,2458,2026-03-01,395.0,390.2,277,281
HDD Enterprise SAS 2458GB,HDD Enterprise,SAS,2458,2026-04-01,434.56,421.5,128,138
HDD Enterprise SAS 2458GB,HDD Enterprise,SAS,2458,2026-05-01,440.0,440.0,13,18
HDD Enterprise SAS 26624GB,HDD Enterprise,SAS,26624,2026-03-01,709.99,709.99,4,4
HDD Enterprise SAS 300GB,HDD Enterprise,SAS,300,2025-09-01,49.99,54.62,180,205
HDD Enterprise SAS 300GB,HDD Enterprise,SAS,300,2025-10-01,49.99,56.46,389,459
HDD Enterprise SAS 300GB,HDD Enterprise,SAS,300,2025-11-01,49.99,53.83,436,440
HDD Enterprise SAS 300GB,HDD Enterprise,SAS,300,2025-12-01,45.0,52.07,479,493
HDD Enterprise SAS 300GB,HDD Enterprise,SAS,300,2026-01-01,49.0,56.72,378,395
HDD Enterprise SAS 300GB,HDD Enterprise,SAS,300,2026-02-01,52.0,58.55,426,434
HDD Enterprise SAS 300GB,HDD Enterprise,SAS,300,2026-03-01,52.0,51.48,351,385
HDD Enterprise SAS 300GB,HDD Enterprise,SAS,300,2026-04-01,39.99,40.57,281,344
HDD Enterprise SAS 300GB,HDD Enterprise,SAS,300,2026-05-01,39.0,39.43,78,91
HDD Enterprise SAS 3072GB,HDD Enterprise,SAS,3072,2025-09-01,44.49,47.22,62,66
HDD Enterprise SAS 3072GB,HDD Enterprise,SAS,3072,2025-10-01,52.88,51.56,139,235
HDD Enterprise SAS 3072GB,HDD Enterprise,SAS,3072,2025-11-01,49.99,49.8,179,182
HDD Enterprise SAS 3072GB,HDD Enterprise,SAS,3072,2025-12-01,49.99,49.75,162,163
HDD Enterprise SAS 3072GB,HDD Enterprise,SAS,3072,2026-01-01,67.0,63.24,86,86
HDD Enterprise SAS 3072GB,HDD Enterprise,SAS,3072,2026-02-01,44.49,44.55,97,107
HDD Enterprise SAS 3072GB,HDD Enterprise,SAS,3072,2026-03-01,45.0,48.0,190,219
HDD Enterprise SAS 3072GB,HDD Enterprise,SAS,3072,2026-04-01,46.0,47.91,196,274
HDD Enterprise SAS 3072GB,HDD Enterprise,SAS,3072,2026-05-01,46.0,47.72,63,73
HDD Enterprise SAS 3277GB,HDD Enterprise,SAS,3277,2025-12-01,549.99,549.99,6,6
HDD Enterprise SAS 3277GB,HDD Enterprise,SAS,3277,2026-01-01,624.5,664.41,24,24
HDD Enterprise SAS 3277GB,HDD Enterprise,SAS,3277,2026-02-01,875.0,809.38,29,29
HDD Enterprise SAS 3277GB,HDD Enterprise,SAS,3277,2026-03-01,2754.0,2674.0,11,14
HDD Enterprise SAS 4000GB,HDD Enterprise,SAS,4000,2025-09-01,99.0,149.27,331,348
HDD Enterprise SAS 4000GB,HDD Enterprise,SAS,4000,2025-10-01,99.0,127.8,449,530
HDD Enterprise SAS 4000GB,HDD Enterprise,SAS,4000,2025-11-01,85.0,88.24,351,455
HDD Enterprise SAS 4000GB,HDD Enterprise,SAS,4000,2025-12-01,124.0,221.04,448,448
HDD Enterprise SAS 4000GB,HDD Enterprise,SAS,4000,2026-01-01,125.0,306.59,275,275
HDD Enterprise SAS 4000GB,HDD Enterprise,SAS,4000,2026-02-01,450.0,334.84,581,643
HDD Enterprise SAS 4000GB,HDD Enterprise,SAS,4000,2026-03-01,350.0,309.36,712,771
HDD Enterprise SAS 4000GB,HDD Enterprise,SAS,4000,2026-04-01,196.18,232.03,195,217
HDD Enterprise SAS 4000GB,HDD Enterprise,SAS,4000,2026-05-01,450.0,350.37,133,133
HDD Enterprise SAS 400GB,HDD Enterprise,SAS,400,2025-12-01,135.0,135.0,10,10
HDD Enterprise SAS 400GB,HDD Enterprise,SAS,400,2026-01-01,69.99,154.58,8,8
HDD Enterprise SAS 400GB,HDD Enterprise,SAS,400,2026-02-01,135.0,149.9,39,39
HDD Enterprise SAS 400GB,HDD Enterprise,SAS,400,2026-03-01,70.8,114.86,24,25
HDD Enterprise SAS 400GB,HDD Enterprise,SAS,400,2026-04-01,61.6,93.84,18,21
HDD Enterprise SAS 400GB,HDD Enterprise,SAS,400,2026-05-01,298.35,274.08,10,11
HDD Enterprise SAS 4GB,HDD Enterprise,SAS,4,2025-11-01,239.0,239.0,4,5
HDD Enterprise SAS 4GB,HDD Enterprise,SAS,4,2025-12-01,340.0,340.0,12,12
HDD Enterprise SAS 500GB,HDD Enterprise,SAS,500,2025-09-01,55.0,58.66,13,15
HDD Enterprise SAS 500GB,HDD Enterprise,SAS,500,2025-10-01,55.0,55.0,11,15
HDD Enterprise SAS 500GB,HDD Enterprise,SAS,500,2025-11-01,129.0,129.0,40,57
HDD Enterprise SAS 500GB,HDD Enterprise,SAS,500,2025-12-01,47.99,74.63,19,19
HDD Enterprise SAS 500GB,HDD Enterprise,SAS,500,2026-01-01,71.99,71.99,14,20
HDD Enterprise SAS 500GB,HDD Enterprise,SAS,500,2026-02-01,33.15,47.28,90,90
HDD Enterprise SAS 500GB,HDD Enterprise,SAS,500,2026-03-01,68.39,63.16,48,48
HDD Enterprise SAS 500GB,HDD Enterprise,SAS,500,2026-04-01,30.0,32.94,50,57
HDD Enterprise SAS 500GB,HDD Enterprise,SAS,500,2026-05-01,9.99,18.19,10,11
HDD Enterprise SAS 6000GB,HDD Enterprise,SAS,6000,2025-09-01,85.0,87.18,38,42
HDD Enterprise SAS 6000GB,HDD Enterprise,SAS,6000,2025-10-01,79.95,90.48,103,108
HDD Enterprise SAS 6000GB,HDD Enterprise,SAS,6000,2025-11-01,80.0,100.74,111,120
HDD Enterprise SAS 6000GB,HDD Enterprise,SAS,6000,2025-12-01,99.0,116.22,133,134
HDD Enterprise SAS 6000GB,HDD Enterprise,SAS,6000,2026-01-01,125.0,149.03,77,79
HDD Enterprise SAS 6000GB,HDD Enterprise,SAS,6000,2026-02-01,195.0,188.27,46,47
HDD Enterprise SAS 6000GB,HDD Enterprise,SAS,6000,2026-03-01,120.0,147.7,123,123
HDD Enterprise SAS 6000GB,HDD Enterprise,SAS,6000,2026-04-01,154.0,157.84,63,63
HDD Enterprise SAS 6000GB,HDD Enterprise,SAS,6000,2026-05-01,145.0,145.0,8,8
HDD Enterprise SAS 600GB,HDD Enterprise,SAS,600,2025-09-01,57.88,58.86,311,350
HDD Enterprise SAS 600GB,HDD Enterprise,SAS,600,2025-10-01,68.0,66.93,779,854
HDD Enterprise SAS 600GB,HDD Enterprise,SAS,600,2025-11-01,67.59,68.82,655,746
HDD Enterprise SAS 600GB,HDD Enterprise,SAS,600,2025-12-01,64.84,68.1,810,826
HDD Enterprise SAS 600GB,HDD Enterprise,SAS,600,2026-01-01,87.0,91.49,506,508
HDD Enterprise SAS 600GB,HDD Enterprise,SAS,600,2026-02-01,125.0,102.81,1183,1183
HDD Enterprise SAS 600GB,HDD Enterprise,SAS,600,2026-03-01,69.99,82.1,927,939
HDD Enterprise SAS 600GB,HDD Enterprise,SAS,600,2026-04-01,74.99,81.39,503,571
HDD Enterprise SAS 600GB,HDD Enterprise,SAS,600,2026-05-01,174.0,148.65,198,198
HDD Enterprise SAS 6GB,HDD Enterprise,SAS,6,2025-09-01,25.88,25.28,43,54
HDD Enterprise SAS 6GB,HDD Enterprise,SAS,6,2025-10-01,24.59,24.66,128,161
HDD Enterprise SAS 6GB,HDD Enterprise,SAS,6,2025-11-01,23.88,19.25,123,123
HDD Enterprise SAS 6GB,HDD Enterprise,SAS,6,2025-12-01,21.99,18.57,82,82
HDD Enterprise SAS 6GB,HDD Enterprise,SAS,6,2026-01-01,21.99,17.81,52,53
HDD Enterprise SAS 6GB,HDD Enterprise,SAS,6,2026-02-01,26.58,27.91,82,109
HDD Enterprise SAS 6GB,HDD Enterprise,SAS,6,2026-03-01,21.99,19.36,58,59
HDD Enterprise SAS 6GB,HDD Enterprise,SAS,6,2026-04-01,21.99,20.48,67,67
HDD Enterprise SAS 6GB,HDD Enterprise,SAS,6,2026-05-01,21.99,13.36,15,15
HDD Enterprise SAS 72GB,HDD Enterprise,SAS,72,2026-01-01,17.95,17.95,11,11
HDD Enterprise SAS 73GB,HDD Enterprise,SAS,73,2025-11-01,20.0,20.0,12,12
HDD Enterprise SAS 73GB,HDD Enterprise,SAS,73,2025-12-01,20.0,20.0,48,48
HDD Enterprise SAS 73GB,HDD Enterprise,SAS,73,2026-03-01,75.0,133.57,7,7
HDD Enterprise SAS 73GB,HDD Enterprise,SAS,73,2026-04-01,75.0,75.0,19,21
HDD Enterprise SAS 750GB,HDD Enterprise,SAS,750,2026-01-01,85.99,85.99,22,22
HDD Enterprise SAS 750GB,HDD Enterprise,SAS,750,2026-02-01,85.99,85.99,8,8
HDD Enterprise SAS 8000GB,HDD Enterprise,SAS,8000,2025-09-01,179.99,203.95,100,101
HDD Enterprise SAS 8000GB,HDD Enterprise,SAS,8000,2025-10-01,249.99,238.35,168,170
HDD Enterprise SAS 8000GB,HDD Enterprise,SAS,8000,2025-11-01,295.0,254.26,71,71
HDD Enterprise SAS 8000GB,HDD Enterprise,SAS,8000,2025-12-01,233.0,223.9,75,83
HDD Enterprise SAS 8000GB,HDD Enterprise,SAS,8000,2026-01-01,209.99,213.01,47,57
HDD Enterprise SAS 8000GB,HDD Enterprise,SAS,8000,2026-02-01,265.99,291.89,59,62
HDD Enterprise SAS 8000GB,HDD Enterprise,SAS,8000,2026-03-01,433.0,546.84,66,66
HDD Enterprise SAS 8000GB,HDD Enterprise,SAS,8000,2026-04-01,239.99,279.12,44,45
HDD Enterprise SAS 8000GB,HDD Enterprise,SAS,8000,2026-05-01,200.0,200.0,7,8
HDD Enterprise SAS 800GB,HDD Enterprise,SAS,800,2025-11-01,159.0,159.0,9,12
HDD Enterprise SAS 800GB,HDD Enterprise,SAS,800,2025-12-01,299.0,295.76,35,35
HDD Enterprise SAS 800GB,HDD Enterprise,SAS,800,2026-01-01,370.0,311.31,10,10
HDD Enterprise SAS 800GB,HDD Enterprise,SAS,800,2026-02-01,445.55,332.22,15,15
HDD Enterprise SAS 800GB,HDD Enterprise,SAS,800,2026-03-01,296.59,294.42,7,11
HDD Enterprise SAS 800GB,HDD Enterprise,SAS,800,2026-04-01,490.0,490.0,6,9
HDD Enterprise SAS 8GB,HDD Enterprise,SAS,8,2026-01-01,99.0,99.0,10,10
HDD Enterprise SAS 8GB,HDD Enterprise,SAS,8,2026-02-01,299.99,215.76,21,21
HDD Enterprise SAS 8GB,HDD Enterprise,SAS,8,2026-03-01,299.99,299.99,7,7
HDD Enterprise SATA 10000GB,HDD Enterprise,SATA,10000,2025-12-01,517.26,517.26,3,3
HDD Enterprise SATA 10000GB,HDD Enterprise,SATA,10000,2026-01-01,259.0,259.0,4,4
HDD Enterprise SATA 1000GB,HDD Enterprise,SATA,1000,2025-09-01,15.0,15.0,25,25
HDD Enterprise SATA 1000GB,HDD Enterprise,SATA,1000,2025-10-01,15.0,22.0,125,125
HDD Enterprise SATA 1000GB,HDD Enterprise,SATA,1000,2025-11-01,39.99,32.07,117,118
HDD Enterprise SATA 1000GB,HDD Enterprise,SATA,1000,2025-12-01,37.99,32.08,124,126
HDD Enterprise SATA 1000GB,HDD Enterprise,SATA,1000,2026-01-01,12.95,12.95,63,81
HDD Enterprise SATA 1000GB,HDD Enterprise,SATA,1000,2026-02-01,99.0,65.9,39,39
HDD Enterprise SATA 1000GB,HDD Enterprise,SATA,1000,2026-03-01,25.0,25.0,45,76
HDD Enterprise SATA 1000GB,HDD Enterprise,SATA,1000,2026-04-01,25.0,25.0,4,5
HDD Enterprise SATA 1000GB,HDD Enterprise,SATA,1000,2026-05-01,78.0,78.0,14,14
HDD Enterprise SATA 12000GB,HDD Enterprise,SATA,12000,2025-10-01,209.99,209.99,69,83
HDD Enterprise SATA 12000GB,HDD Enterprise,SATA,12000,2025-11-01,269.99,248.76,17,17
HDD Enterprise SATA 12000GB,HDD Enterprise,SATA,12000,2025-12-01,290.0,301.28,40,42
HDD Enterprise SATA 12000GB,HDD Enterprise,SATA,12000,2026-02-01,339.99,339.99,15,23
HDD Enterprise SATA 12000GB,HDD Enterprise,SATA,12000,2026-03-01,359.99,373.77,9,10
HDD Enterprise SATA 12000GB,HDD Enterprise,SATA,12000,2026-04-01,359.99,367.19,5,6
HDD Enterprise SATA 12000GB,HDD Enterprise,SATA,12000,2026-05-01,379.99,385.99,6,6
HDD Enterprise SATA 14000GB,HDD Enterprise,SATA,14000,2025-09-01,198.99,198.99,12,12
HDD Enterprise SATA 14000GB,HDD Enterprise,SATA,14000,2025-10-01,209.99,209.99,13,14
HDD Enterprise SATA 14000GB,HDD Enterprise,SATA,14000,2025-11-01,259.99,257.21,26,26
HDD Enterprise SATA 14000GB,HDD Enterprise,SATA,14000,2025-12-01,278.16,273.03,14,14
HDD Enterprise SATA 14000GB,HDD Enterprise,SATA,14000,2026-01-01,260.0,260.0,13,15
HDD Enterprise SATA 14000GB,HDD Enterprise,SATA,14000,2026-02-01,260.0,260.0,20,22
HDD Enterprise SATA 16000GB,HDD Enterprise,SATA,16000,2025-11-01,331.54,314.95,15,15
HDD Enterprise SATA 16000GB,HDD Enterprise,SATA,16000,2025-12-01,334.4,302.15,23,23
HDD Enterprise SATA 16000GB,HDD Enterprise,SATA,16000,2026-01-01,399.99,423.17,5,5
HDD Enterprise SATA 18000GB,HDD Enterprise,SATA,18000,2025-09-01,269.0,269.0,22,22
HDD Enterprise SATA 18000GB,HDD Enterprise,SATA,18000,2025-10-01,269.0,277.85,7,7
HDD Enterprise SATA 18000GB,HDD Enterprise,SATA,18000,2025-12-01,520.0,520.0,18,18
HDD Enterprise SATA 18000GB,HDD Enterprise,SATA,18000,2026-02-01,409.99,416.66,9,9
HDD Enterprise SATA 18000GB,HDD Enterprise,SATA,18000,2026-03-01,256.06,253.63,10,10
HDD Enterprise SATA 18000GB,HDD Enterprise,SATA,18000,2026-04-01,650.0,650.0,7,7
HDD Enterprise SATA 20000GB,HDD Enterprise,SATA,20000,2025-10-01,269.99,269.99,6,6
HDD Enterprise SATA 20000GB,HDD Enterprise,SATA,20000,2025-12-01,380.0,380.0,15,15
HDD Enterprise SATA 20000GB,HDD Enterprise,SATA,20000,2026-03-01,289.3,380.28,5,5
HDD Enterprise SATA 2000GB,HDD Enterprise,SATA,2000,2025-10-01,59.99,66.82,21,21
HDD Enterprise SATA 2000GB,HDD Enterprise,SATA,2000,2025-11-01,99.0,99.0,13,13
HDD Enterprise SATA 2000GB,HDD Enterprise,SATA,2000,2025-12-01,75.99,82.61,21,26
HDD Enterprise SATA 2000GB,HDD Enterprise,SATA,2000,2026-01-01,106.0,104.0,3,3
HDD Enterprise SATA 2000GB,HDD Enterprise,SATA,2000,2026-02-01,106.0,103.67,21,22
HDD Enterprise SATA 2000GB,HDD Enterprise,SATA,2000,2026-03-01,95.45,94.05,15,15
HDD Enterprise SATA 2000GB,HDD Enterprise,SATA,2000,2026-04-01,88.38,97.05,40,41
HDD Enterprise SATA 2000GB,HDD Enterprise,SATA,2000,2026-05-01,88.38,88.38,6,6
HDD Enterprise SATA 24576GB,HDD Enterprise,SATA,24576,2026-04-01,499.99,511.92,5,6
HDD Enterprise SATA 26624GB,HDD Enterprise,SATA,26624,2026-04-01,529.99,529.99,4,4
HDD Enterprise SATA 28672GB,HDD Enterprise,SATA,28672,2026-01-01,159.99,159.99,14,14
HDD Enterprise SATA 28672GB,HDD Enterprise,SATA,28672,2026-02-01,159.99,155.66,9,9
HDD Enterprise SATA 3072GB,HDD Enterprise,SATA,3072,2025-12-01,40.0,40.0,18,18
HDD Enterprise SATA 3072GB,HDD Enterprise,SATA,3072,2026-01-01,40.0,40.0,22,22
HDD Enterprise SATA 3072GB,HDD Enterprise,SATA,3072,2026-02-01,40.0,40.0,32,32
HDD Enterprise SATA 3072GB,HDD Enterprise,SATA,3072,2026-03-01,79.0,80.6,15,15
HDD Enterprise SATA 3072GB,HDD Enterprise,SATA,3072,2026-04-01,79.0,79.0,24,30
HDD Enterprise SATA 3072GB,HDD Enterprise,SATA,3072,2026-05-01,79.0,79.0,6,6
HDD Enterprise SATA 32768GB,HDD Enterprise,SATA,32768,2026-04-01,929.0,929.0,3,3
HDD Enterprise SATA 4000GB,HDD Enterprise,SATA,4000,2025-09-01,93.99,93.99,22,23
HDD Enterprise SATA 4000GB,HDD Enterprise,SATA,4000,2025-10-01,93.99,93.99,42,50
HDD Enterprise SATA 4000GB,HDD Enterprise,SATA,4000,2025-11-01,99.5,97.5,27,29
HDD Enterprise SATA 4000GB,HDD Enterprise,SATA,4000,2025-12-01,109.99,108.73,57,71
HDD Enterprise SATA 4000GB,HDD Enterprise,SATA,4000,2026-01-01,115.0,115.38,47,70
HDD Enterprise SATA 4000GB,HDD Enterprise,SATA,4000,2026-02-01,122.66,124.22,20,23
HDD Enterprise SATA 4000GB,HDD Enterprise,SATA,4000,2026-03-01,139.0,139.5,77,85
HDD Enterprise SATA 4000GB,HDD Enterprise,SATA,4000,2026-04-01,139.9,141.5,91,112
HDD Enterprise SATA 4000GB,HDD Enterprise,SATA,4000,2026-05-01,139.5,138.97,12,15
HDD Enterprise SATA 500GB,HDD Enterprise,SATA,500,2026-01-01,19.5,19.5,41,41
HDD Enterprise SATA 500GB,HDD Enterprise,SATA,500,2026-02-01,19.5,19.5,12,12
HDD Enterprise SATA 500GB,HDD Enterprise,SATA,500,2026-03-01,22.5,23.02,40,40
HDD Enterprise SATA 500GB,HDD Enterprise,SATA,500,2026-04-01,25.5,25.5,10,11
HDD Enterprise SATA 500GB,HDD Enterprise,SATA,500,2026-05-01,25.5,25.5,8,8
HDD Enterprise SATA 6000GB,HDD Enterprise,SATA,6000,2025-11-01,195.9,187.61,6,6
HDD Enterprise SATA 6000GB,HDD Enterprise,SATA,6000,2025-12-01,250.0,250.0,4,4
HDD Enterprise SATA 6000GB,HDD Enterprise,SATA,6000,2026-02-01,190.0,190.0,15,17
HDD Enterprise SATA 6000GB,HDD Enterprise,SATA,6000,2026-03-01,164.5,164.5,4,4
HDD Enterprise SATA 6000GB,HDD Enterprise,SATA,6000,2026-04-01,170.0,170.0,11,13
HDD Enterprise SATA 8000GB,HDD Enterprise,SATA,8000,2025-11-01,184.99,190.95,5,5
HDD Enterprise SATA 8000GB,HDD Enterprise,SATA,8000,2025-12-01,250.0,227.21,9,10
HDD Enterprise SATA 8000GB,HDD Enterprise,SATA,8000,2026-01-01,424.0,338.48,8,8
HDD Enterprise SATA 8000GB,HDD Enterprise,SATA,8000,2026-02-01,229.99,232.55,10,10
HDD Enterprise SATA 8000GB,HDD Enterprise,SATA,8000,2026-03-01,264.64,264.64,14,15
HDD Enterprise SATA 8000GB,HDD Enterprise,SATA,8000,2026-04-01,289.95,277.57,5,6
HDD Enterprise SCSI 146GB,HDD Enterprise,SCSI,146,2025-12-01,158.22,158.22,10,10
HDD Enterprise SCSI 146GB,HDD Enterprise,SCSI,146,2026-02-01,158.66,158.66,19,21
HDD Enterprise SCSI 146GB,HDD Enterprise,SCSI,146,2026-03-01,158.66,123.11,18,18
HDD Enterprise SCSI 4GB,HDD Enterprise,SCSI,4,2026-01-01,120.6,120.6,3,3
HDD Enterprise SCSI 73GB,HDD Enterprise,SCSI,73,2025-09-01,130.88,131.84,27,27
HDD Enterprise SCSI 73GB,HDD Enterprise,SCSI,73,2025-10-01,132.88,132.88,28,33
HDD Enterprise SCSI 73GB,HDD Enterprise,SCSI,73,2025-11-01,130.88,130.88,19,24
HDD Enterprise SCSI 73GB,HDD Enterprise,SCSI,73,2025-12-01,130.88,130.88,9,9
HDD Enterprise SCSI 73GB,HDD Enterprise,SCSI,73,2026-02-01,130.88,130.88,17,18
HDD Enterprise SCSI 73GB,HDD Enterprise,SCSI,73,2026-03-01,130.88,130.88,22,24
HDD Enterprise SCSI 73GB,HDD Enterprise,SCSI,73,2026-04-01,130.88,130.88,35,35
HDD Enterprise SCSI 73GB,HDD Enterprise,SCSI,73,2026-05-01,130.88,129.47,11,11
HDD External SATA 16000GB,HDD External,SATA,16000,2026-03-01,275.49,275.49,4,4
HDD External USB 10000GB,HDD External,USB,10000,2026-04-01,225.0,408.8,5,5
HDD External USB 1000GB,HDD External,USB,1000,2025-09-01,54.24,57.07,14,15
HDD External USB 1000GB,HDD External,USB,1000,2025-10-01,41.29,31.67,49,49
HDD External USB 1000GB,HDD External,USB,1000,2025-11-01,35.0,31.56,46,46
HDD External USB 1000GB,HDD External,USB,1000,2025-12-01,55.0,45.57,14,14
HDD External USB 1000GB,HDD External,USB,1000,2026-01-01,55.0,56.49,10,11
HDD External USB 1000GB,HDD External,USB,1000,2026-02-01,49.9,53.06,24,26
HDD External USB 1000GB,HDD External,USB,1000,2026-03-01,47.02,47.02,17,22
HDD External USB 1000GB,HDD External,USB,1000,2026-04-01,49.95,57.49,26,28
HDD External USB 1000GB,HDD External,USB,1000,2026-05-01,74.99,69.99,3,3
HDD External USB 12000GB,HDD External,USB,12000,2026-01-01,176.75,181.74,4,4
HDD External USB 12000GB,HDD External,USB,12000,2026-02-01,202.5,206.79,4,4
HDD External USB 12000GB,HDD External,USB,12000,2026-03-01,275.0,272.99,5,5
HDD External USB 12000GB,HDD External,USB,12000,2026-04-01,203.0,201.75,12,14
HDD External USB 14000GB,HDD External,USB,14000,2025-10-01,285.99,285.99,6,6
HDD External USB 14000GB,HDD External,USB,14000,2025-11-01,173.49,173.49,5,5
HDD External USB 14000GB,HDD External,USB,14000,2026-01-01,336.99,336.99,3,3
HDD External USB 14000GB,HDD External,USB,14000,2026-04-01,397.0,381.33,3,3
HDD External USB 1536GB,HDD External,USB,1536,2026-03-01,52.0,52.0,12,13
HDD External USB 1536GB,HDD External,USB,1536,2026-05-01,45.0,45.0,5,5
HDD External USB 16000GB,HDD External,USB,16000,2025-09-01,234.99,234.99,5,5
HDD External USB 16000GB,HDD External,USB,16000,2025-11-01,234.99,234.99,10,11
HDD External USB 16000GB,HDD External,USB,16000,2025-12-01,234.99,234.99,11,11
HDD External USB 160GB,HDD External,USB,160,2026-04-01,21.99,21.99,6,6
HDD External USB 18000GB,HDD External,USB,18000,2025-09-01,275.49,275.49,6,8
HDD External USB 18000GB,HDD External,USB,18000,2025-10-01,275.49,268.2,7,7
HDD External USB 18000GB,HDD External,USB,18000,2026-04-01,407.99,407.99,3,4
HDD External USB 2000GB,HDD External,USB,2000,2025-09-01,65.7,63.13,30,31
HDD External USB 2000GB,HDD External,USB,2000,2025-10-01,69.74,73.57,53,54
HDD External USB 2000GB,HDD External,USB,2000,2025-11-01,87.5,82.18,8,8
HDD External USB 2000GB,HDD External,USB,2000,2026-01-01,62.99,63.24,4,4
HDD External USB 2000GB,HDD External,USB,2000,2026-02-01,72.5,70.66,6,6
HDD External USB 2000GB,HDD External,USB,2000,2026-03-01,74.99,84.36,11,11
HDD External USB 2000GB,HDD External,USB,2000,2026-04-01,122.49,102.06,21,21
HDD External USB 22528GB,HDD External,USB,22528,2025-12-01,237.49,237.49,4,4
HDD External USB 22528GB,HDD External,USB,22528,2026-02-01,439.0,439.0,3,4
HDD External USB 3072GB,HDD External,USB,3072,2026-04-01,74.8,80.53,7,8
HDD External USB 320GB,HDD External,USB,320,2025-09-01,7.8,7.8,3,3
HDD External USB 320GB,HDD External,USB,320,2026-04-01,50.25,50.9,3,3
HDD External USB 4000GB,HDD External,USB,4000,2025-09-01,119.99,117.99,5,6
HDD External USB 4000GB,HDD External,USB,4000,2025-10-01,97.99,101.77,17,18
HDD External USB 4000GB,HDD External,USB,4000,2025-11-01,123.63,119.74,16,17
HDD External USB 4000GB,HDD External,USB,4000,2025-12-01,99.95,99.64,15,21
HDD External USB 4000GB,HDD External,USB,4000,2026-01-01,69.99,75.79,24,24
HDD External USB 4000GB,HDD External,USB,4000,2026-02-01,69.99,66.18,24,29
HDD External USB 4000GB,HDD External,USB,4000,2026-03-01,129.0,131.33,3,3
HDD External USB 4000GB,HDD External,USB,4000,2026-04-01,112.0,118.44,18,19
HDD External USB 4000GB,HDD External,USB,4000,2026-05-01,99.0,115.62,8,8
HDD External USB 500GB,HDD External,USB,500,2025-11-01,15.0,22.4,5,5
HDD External USB 500GB,HDD External,USB,500,2025-12-01,15.0,15.0,3,3
HDD External USB 500GB,HDD External,USB,500,2026-01-01,41.3,41.3,3,3
HDD External USB 500GB,HDD External,USB,500,2026-03-01,34.99,34.99,3,3
HDD External USB 500GB,HDD External,USB,500,2026-04-01,30.0,36.88,8,8
HDD External USB 5120GB,HDD External,USB,5120,2025-09-01,129.99,125.17,34,44
HDD External USB 5120GB,HDD External,USB,5120,2025-10-01,129.99,120.14,61,65
HDD External USB 5120GB,HDD External,USB,5120,2025-11-01,99.99,72.52,57,57
HDD External USB 5120GB,HDD External,USB,5120,2025-12-01,114.99,112.8,27,27
HDD External USB 5120GB,HDD External,USB,5120,2026-01-01,86.94,94.62,6,6
HDD External USB 5120GB,HDD External,USB,5120,2026-03-01,128.0,127.89,5,8
HDD External USB 5120GB,HDD External,USB,5120,2026-04-01,124.99,123.55,9,9
HDD External USB 6000GB,HDD External,USB,6000,2025-09-01,139.0,139.0,15,15
HDD External USB 6000GB,HDD External,USB,6000,2025-10-01,131.0,127.0,4,4
HDD External USB 6000GB,HDD External,USB,6000,2025-11-01,114.75,119.7,19,19
HDD External USB 6000GB,HDD External,USB,6000,2025-12-01,115.99,116.77,9,10
HDD External USB 6000GB,HDD External,USB,6000,2026-01-01,128.97,127.98,6,6
HDD External USB 6000GB,HDD External,USB,6000,2026-02-01,134.99,138.84,21,22
HDD External USB 6000GB,HDD External,USB,6000,2026-03-01,159.99,159.99,14,17
HDD External USB 6000GB,HDD External,USB,6000,2026-04-01,169.88,169.18,22,27
HDD External USB 6000GB,HDD External,USB,6000,2026-05-01,159.0,151.0,9,9
HDD External USB 750GB,HDD External,USB,750,2025-10-01,25.99,25.99,4,4
HDD External USB 750GB,HDD External,USB,750,2025-11-01,25.99,25.99,13,13
HDD External USB 750GB,HDD External,USB,750,2026-01-01,50.8,50.8,3,3
HDD External USB 8000GB,HDD External,USB,8000,2025-09-01,149.99,149.99,8,8
HDD External USB 8000GB,HDD External,USB,8000,2025-10-01,149.99,149.63,14,22
HDD External USB 8000GB,HDD External,USB,8000,2025-12-01,149.0,149.0,3,4
HDD External USB 8000GB,HDD External,USB,8000,2026-01-01,149.0,148.12,4,5
HDD External USB 8000GB,HDD External,USB,8000,2026-02-01,193.99,193.99,7,8
HDD External USB 8000GB,HDD External,USB,8000,2026-04-01,179.99,193.99,5,5
HDD IDE 100GB,HDD,IDE,100,2026-01-01,16.9,16.9,8,8
HDD IDE 128GB,HDD,IDE,128,2025-09-01,14.99,14.99,9,9
HDD IDE 128GB,HDD,IDE,128,2025-10-01,57.49,57.49,4,4
HDD IDE 128GB,HDD,IDE,128,2026-01-01,29.99,29.79,10,11
HDD IDE 128GB,HDD,IDE,128,2026-02-01,29.5,29.71,16,16
HDD IDE 128GB,HDD,IDE,128,2026-04-01,29.9,29.74,37,42
HDD IDE 128GB,HDD,IDE,128,2026-05-01,29.5,29.5,7,13
HDD IDE 160GB,HDD,IDE,160,2025-09-01,27.99,32.8,29,29
HDD IDE 160GB,HDD,IDE,160,2025-10-01,27.99,30.46,73,73
HDD IDE 160GB,HDD,IDE,160,2025-11-01,16.99,21.03,47,47
HDD IDE 160GB,HDD,IDE,160,2025-12-01,27.9,24.6,90,90
HDD IDE 160GB,HDD,IDE,160,2026-01-01,9.43,14.93,35,36
HDD IDE 160GB,HDD,IDE,160,2026-02-01,19.99,19.55,68,68
HDD IDE 160GB,HDD,IDE,160,2026-03-01,29.9,22.51,97,97
HDD IDE 160GB,HDD,IDE,160,2026-04-01,29.9,25.97,101,102
HDD IDE 160GB,HDD,IDE,160,2026-05-01,29.9,29.73,23,33
HDD IDE 1GB,HDD,IDE,1,2026-01-01,159.95,159.95,16,16
HDD IDE 1GB,HDD,IDE,1,2026-02-01,159.95,159.95,27,27
HDD IDE 256GB,HDD,IDE,256,2025-09-01,32.95,29.27,26,29
HDD IDE 256GB,HDD,IDE,256,2025-10-01,32.99,33.32,45,59
HDD IDE 256GB,HDD,IDE,256,2025-11-01,37.79,54.18,38,38
HDD IDE 256GB,HDD,IDE,256,2025-12-01,33.83,54.5,70,70
HDD IDE 256GB,HDD,IDE,256,2026-01-01,89.95,66.07,14,14
HDD IDE 256GB,HDD,IDE,256,2026-02-01,89.95,71.21,66,66
HDD IDE 256GB,HDD,IDE,256,2026-03-01,33.9,34.17,34,41
HDD IDE 256GB,HDD,IDE,256,2026-04-01,53.59,58.51,52,52
HDD IDE 256GB,HDD,IDE,256,2026-05-01,99.95,69.13,15,15
HDD IDE 2GB,HDD,IDE,2,2026-02-01,115.0,115.0,14,14
HDD IDE 2GB,HDD,IDE,2,2026-03-01,115.0,115.0,8,8
HDD IDE 300GB,HDD,IDE,300,2025-10-01,39.0,37.33,12,12
HDD IDE 320GB,HDD,IDE,320,2025-09-01,33.99,29.45,20,20
HDD IDE 320GB,HDD,IDE,320,2025-10-01,35.99,35.53,36,44
HDD IDE 320GB,HDD,IDE,320,2025-11-01,27.5,28.87,46,46
HDD IDE 320GB,HDD,IDE,320,2025-12-01,32.9,32.73,48,70
HDD IDE 320GB,HDD,IDE,320,2026-01-01,35.99,35.99,14,14
HDD IDE 320GB,HDD,IDE,320,2026-02-01,35.55,35.71,8,8
HDD IDE 400GB,HDD,IDE,400,2025-12-01,119.0,119.0,10,10
HDD IDE 400GB,HDD,IDE,400,2026-01-01,119.0,119.0,8,9
HDD IDE 40GB,HDD,IDE,40,2025-09-01,21.5,21.6,58,64
HDD IDE 40GB,HDD,IDE,40,2025-10-01,21.5,19.04,141,142
HDD IDE 40GB,HDD,IDE,40,2025-11-01,21.5,20.79,124,124
HDD IDE 40GB,HDD,IDE,40,2025-12-01,28.83,21.57,102,102
HDD IDE 40GB,HDD,IDE,40,2026-01-01,28.83,27.08,78,81
HDD IDE 40GB,HDD,IDE,40,2026-02-01,30.35,34.46,106,106
HDD IDE 40GB,HDD,IDE,40,2026-03-01,28.5,33.7,111,111
HDD IDE 40GB,HDD,IDE,40,2026-04-01,27.99,35.57,100,100
HDD IDE 40GB,HDD,IDE,40,2026-05-01,21.5,23.25,24,30
HDD IDE 500GB,HDD,IDE,500,2025-12-01,49.9,49.9,4,5
HDD IDE 500GB,HDD,IDE,500,2026-01-01,49.9,49.9,10,13
HDD IDE 500GB,HDD,IDE,500,2026-02-01,49.99,49.99,15,17
HDD IDE 60GB,HDD,IDE,60,2025-09-01,24.95,24.95,11,11
HDD IDE 60GB,HDD,IDE,60,2025-10-01,24.95,19.04,33,33
HDD IDE 60GB,HDD,IDE,60,2025-11-01,24.49,24.68,27,30
HDD IDE 60GB,HDD,IDE,60,2025-12-01,13.9,120.32,6,6
HDD IDE 60GB,HDD,IDE,60,2026-01-01,24.95,19.93,33,33
HDD IDE 60GB,HDD,IDE,60,2026-02-01,13.9,13.9,7,8
HDD IDE 60GB,HDD,IDE,60,2026-03-01,24.49,24.49,9,12
HDD IDE 60GB,HDD,IDE,60,2026-04-01,13.9,19.31,39,39
HDD IDE 60GB,HDD,IDE,60,2026-05-01,25.95,25.95,6,8
HDD IDE 80GB,HDD,IDE,80,2025-09-01,24.99,22.14,73,80
HDD IDE 80GB,HDD,IDE,80,2025-10-01,25.5,23.18,143,144
HDD IDE 80GB,HDD,IDE,80,2025-11-01,29.7,28.61,94,144
HDD IDE 80GB,HDD,IDE,80,2025-12-01,24.9,23.96,208,208
HDD IDE 80GB,HDD,IDE,80,2026-01-01,28.5,24.82,142,144
HDD IDE 80GB,HDD,IDE,80,2026-02-01,28.9,25.14,103,103
HDD IDE 80GB,HDD,IDE,80,2026-03-01,28.9,28.83,124,172
HDD IDE 80GB,HDD,IDE,80,2026-04-01,28.9,29.02,101,158
HDD IDE 80GB,HDD,IDE,80,2026-05-01,28.9,32.28,52,52
HDD SATA 10000GB,HDD,SATA,10000,2025-09-01,185.0,257.0,63,63
HDD SATA 10000GB,HDD,SATA,10000,2025-10-01,203.0,217.79,165,180
HDD SATA 10000GB,HDD,SATA,10000,2025-11-01,224.49,236.99,89,89
HDD SATA 10000GB,HDD,SATA,10000,2025-12-01,269.99,268.82,112,113
HDD SATA 10000GB,HDD,SATA,10000,2026-01-01,280.0,311.73,45,45
HDD SATA 10000GB,HDD,SATA,10000,2026-02-01,304.99,313.94,56,56
HDD SATA 10000GB,HDD,SATA,10000,2026-03-01,280.49,295.32,76,76
HDD SATA 10000GB,HDD,SATA,10000,2026-04-01,299.99,311.16,105,106
HDD SATA 10000GB,HDD,SATA,10000,2026-05-01,346.99,359.88,14,14
HDD SATA 1000GB,HDD,SATA,1000,2025-09-01,48.0,57.46,595,596
HDD SATA 1000GB,HDD,SATA,1000,2025-10-01,38.0,41.8,1236,1445
HDD SATA 1000GB,HDD,SATA,1000,2025-11-01,47.0,59.93,1657,1659
HDD SATA 1000GB,HDD,SATA,1000,2025-12-01,69.99,82.97,1463,1464
HDD SATA 1000GB,HDD,SATA,1000,2026-01-01,109.99,95.79,1761,1773
HDD SATA 1000GB,HDD,SATA,1000,2026-02-01,69.0,90.38,1854,1854
HDD SATA 1000GB,HDD,SATA,1000,2026-03-01,57.48,59.65,1312,1581
HDD SATA 1000GB,HDD,SATA,1000,2026-04-01,59.0,59.73,1015,1086
HDD SATA 1000GB,HDD,SATA,1000,2026-05-01,65.24,65.23,202,213
HDD SATA 100GB,HDD,SATA,100,2026-01-01,16.99,16.99,4,4
HDD SATA 100GB,HDD,SATA,100,2026-02-01,23.0,23.0,6,9
HDD SATA 100GB,HDD,SATA,100,2026-03-01,210.0,151.17,35,35
HDD SATA 100GB,HDD,SATA,100,2026-04-01,23.0,23.0,31,32
HDD SATA 12000GB,HDD,SATA,12000,2025-09-01,180.0,184.56,20,23
HDD SATA 12000GB,HDD,SATA,12000,2025-10-01,258.68,268.05,140,140
HDD SATA 12000GB,HDD,SATA,12000,2025-11-01,254.99,255.87,140,140
HDD SATA 12000GB,HDD,SATA,12000,2025-12-01,289.99,286.28,117,139
HDD SATA 12000GB,HDD,SATA,12000,2026-01-01,304.0,308.43,43,49
HDD SATA 12000GB,HDD,SATA,12000,2026-02-01,327.0,324.41,64,72
HDD SATA 12000GB,HDD,SATA,12000,2026-03-01,300.0,281.11,89,99
HDD SATA 12000GB,HDD,SATA,12000,2026-04-01,370.0,353.7,127,130
HDD SATA 12000GB,HDD,SATA,12000,2026-05-01,499.99,491.97,5,5
HDD SATA 128GB,HDD,SATA,128,2026-01-01,99.0,99.0,6,8
HDD SATA 128GB,HDD,SATA,128,2026-02-01,18.88,23.62,6,6
HDD SATA 128GB,HDD,SATA,128,2026-03-01,16.92,16.92,4,4
HDD SATA 14000GB,HDD,SATA,14000,2025-09-01,300.0,285.43,51,51
HDD SATA 14000GB,HDD,SATA,14000,2025-10-01,319.99,293.97,105,106
HDD SATA 14000GB,HDD,SATA,14000,2025-11-01,267.0,270.75,135,135
HDD SATA 14000GB,HDD,SATA,14000,2025-12-01,285.0,290.45,65,72
HDD SATA 14000GB,HDD,SATA,14000,2026-01-01,329.99,321.48,41,42
HDD SATA 14000GB,HDD,SATA,14000,2026-02-01,337.0,355.29,18,18
HDD SATA 14000GB,HDD,SATA,14000,2026-03-01,380.0,339.82,16,16
HDD SATA 14000GB,HDD,SATA,14000,2026-04-01,350.0,357.27,40,40
HDD SATA 146GB,HDD,SATA,146,2025-12-01,45.0,45.0,8,8
HDD SATA 146GB,HDD,SATA,146,2026-02-01,45.0,45.0,3,3
HDD SATA 146GB,HDD,SATA,146,2026-03-01,45.0,45.0,12,12
HDD SATA 146GB,HDD,SATA,146,2026-04-01,45.0,45.0,25,25
HDD SATA 146GB,HDD,SATA,146,2026-05-01,45.0,45.0,3,3
HDD SATA 147GB,HDD,SATA,147,2025-09-01,75.0,75.0,9,9
HDD SATA 147GB,HDD,SATA,147,2025-10-01,75.0,75.0,17,17
HDD SATA 1536GB,HDD,SATA,1536,2025-09-01,49.99,54.7,19,19
HDD SATA 1536GB,HDD,SATA,1536,2025-10-01,65.78,65.78,4,6
HDD SATA 1536GB,HDD,SATA,1536,2025-11-01,61.0,60.92,30,47
HDD SATA 1536GB,HDD,SATA,1536,2025-12-01,49.99,53.41,62,62
HDD SATA 1536GB,HDD,SATA,1536,2026-01-01,49.99,49.36,74,74
HDD SATA 1536GB,HDD,SATA,1536,2026-02-01,56.98,63.46,69,69
HDD SATA 1536GB,HDD,SATA,1536,2026-03-01,99.99,99.99,31,36
HDD SATA 16000GB,HDD,SATA,16000,2025-09-01,259.0,270.2,103,113
HDD SATA 16000GB,HDD,SATA,16000,2025-10-01,259.0,263.66,165,185
HDD SATA 16000GB,HDD,SATA,16000,2025-11-01,317.49,305.57,92,108
HDD SATA 16000GB,HDD,SATA,16000,2025-12-01,337.99,311.86,56,58
HDD SATA 16000GB,HDD,SATA,16000,2026-01-01,359.59,369.73,57,71
HDD SATA 16000GB,HDD,SATA,16000,2026-02-01,359.59,364.82,47,51
HDD SATA 16000GB,HDD,SATA,16000,2026-03-01,377.49,357.87,92,97
HDD SATA 16000GB,HDD,SATA,16000,2026-04-01,469.49,487.45,99,106
HDD SATA 16000GB,HDD,SATA,16000,2026-05-01,459.99,507.05,17,17
HDD SATA 160GB,HDD,SATA,160,2025-09-01,30.0,24.48,16,17
HDD SATA 160GB,HDD,SATA,160,2025-10-01,16.99,15.61,38,40
HDD SATA 160GB,HDD,SATA,160,2025-11-01,17.5,17.9,48,56
HDD SATA 160GB,HDD,SATA,160,2025-12-01,17.5,32.42,104,104
HDD SATA 160GB,HDD,SATA,160,2026-01-01,17.5,17.34,32,40
HDD SATA 160GB,HDD,SATA,160,2026-02-01,49.0,46.56,36,36
HDD SATA 160GB,HDD,SATA,160,2026-03-01,25.49,38.16,126,141
HDD SATA 160GB,HDD,SATA,160,2026-04-01,34.19,43.11,134,134
HDD SATA 160GB,HDD,SATA,160,2026-05-01,45.0,50.11,35,35
HDD SATA 16GB,HDD,SATA,16,2025-10-01,499.99,499.99,7,7
HDD SATA 18000GB,HDD,SATA,18000,2025-09-01,279.99,304.99,21,22
HDD SATA 18000GB,HDD,SATA,18000,2025-10-01,329.5,347.65,24,24
HDD SATA 18000GB,HDD,SATA,18000,2025-11-01,389.99,370.81,55,55
HDD SATA 18000GB,HDD,SATA,18000,2025-12-01,429.99,429.99,19,26
HDD SATA 18000GB,HDD,SATA,18000,2026-01-01,397.99,397.85,7,10
HDD SATA 18000GB,HDD,SATA,18000,2026-02-01,397.99,296.12,23,23
HDD SATA 18000GB,HDD,SATA,18000,2026-03-01,407.99,404.79,5,8
HDD SATA 18000GB,HDD,SATA,18000,2026-04-01,520.49,517.96,17,23
HDD SATA 18000GB,HDD,SATA,18000,2026-05-01,619.0,619.0,5,8
HDD SATA 20000GB,HDD,SATA,20000,2025-09-01,419.99,479.3,5,5
HDD SATA 20000GB,HDD,SATA,20000,2025-10-01,419.99,428.15,32,32
HDD SATA 20000GB,HDD,SATA,20000,2025-11-01,312.0,318.7,78,79
HDD SATA 20000GB,HDD,SATA,20000,2025-12-01,356.99,409.51,80,81
HDD SATA 20000GB,HDD,SATA,20000,2026-01-01,299.0,404.76,105,107
HDD SATA 20000GB,HDD,SATA,20000,2026-02-01,428.49,434.11,41,56
HDD SATA 20000GB,HDD,SATA,20000,2026-03-01,404.04,404.34,70,70
HDD SATA 20000GB,HDD,SATA,20000,2026-04-01,475.0,482.08,55,68
HDD SATA 20000GB,HDD,SATA,20000,2026-05-01,554.99,557.87,4,4
HDD SATA 2000GB,HDD,SATA,2000,2025-09-01,69.95,73.61,428,458
HDD SATA 2000GB,HDD,SATA,2000,2025-10-01,65.0,67.64,941,1048
HDD SATA 2000GB,HDD,SATA,2000,2025-11-01,66.49,74.55,1151,1194
HDD SATA 2000GB,HDD,SATA,2000,2025-12-01,75.5,79.49,1227,1256
HDD SATA 2000GB,HDD,SATA,2000,2026-01-01,85.0,89.91,944,1063
HDD SATA 2000GB,HDD,SATA,2000,2026-02-01,89.9,104.03,1095,1112
HDD SATA 2000GB,HDD,SATA,2000,2026-03-01,99.5,115.92,1067,1087
HDD SATA 2000GB,HDD,SATA,2000,2026-04-01,97.01,102.09,901,971
HDD SATA 2000GB,HDD,SATA,2000,2026-05-01,90.0,97.79,282,309
HDD SATA 200GB,HDD,SATA,200,2025-10-01,69.88,69.88,3,3
HDD SATA 200GB,HDD,SATA,200,2026-01-01,102.87,102.87,3,3
HDD SATA 200GB,HDD,SATA,200,2026-02-01,102.87,102.87,4,4
HDD SATA 200GB,HDD,SATA,200,2026-03-01,69.88,84.89,15,15
HDD SATA 200GB,HDD,SATA,200,2026-04-01,69.88,69.88,25,33
HDD SATA 20GB,HDD,SATA,20,2025-10-01,22.99,22.99,9,9
HDD SATA 22528GB,HDD,SATA,22528,2025-10-01,390.99,390.99,16,26
HDD SATA 22528GB,HDD,SATA,22528,2025-11-01,439.99,450.72,62,63
HDD SATA 22528GB,HDD,SATA,22528,2025-12-01,479.49,479.12,16,27
HDD SATA 22528GB,HDD,SATA,22528,2026-01-01,479.99,488.36,53,55
HDD SATA 22528GB,HDD,SATA,22528,2026-02-01,635.99,584.8,9,9
HDD SATA 22528GB,HDD,SATA,22528,2026-03-01,532.47,532.47,8,10
HDD SATA 22528GB,HDD,SATA,22528,2026-04-01,632.49,632.49,7,9
HDD SATA 22528GB,HDD,SATA,22528,2026-05-01,698.99,666.37,8,8
HDD SATA 24576GB,HDD,SATA,24576,2025-09-01,292.49,294.89,21,32
HDD SATA 24576GB,HDD,SATA,24576,2025-10-01,305.99,305.0,35,43
HDD SATA 24576GB,HDD,SATA,24576,2025-11-01,359.99,373.91,63,63
HDD SATA 24576GB,HDD,SATA,24576,2025-12-01,499.99,491.74,16,20
HDD SATA 24576GB,HDD,SATA,24576,2026-01-01,584.99,560.7,7,7
HDD SATA 24576GB,HDD,SATA,24576,2026-02-01,625.0,565.0,9,10
HDD SATA 24576GB,HDD,SATA,24576,2026-03-01,599.99,563.05,35,35
HDD SATA 24576GB,HDD,SATA,24576,2026-04-01,549.99,532.58,36,36
HDD SATA 24576GB,HDD,SATA,24576,2026-05-01,691.0,748.61,13,13
HDD SATA 25600GB,HDD,SATA,25600,2026-03-01,349.99,338.83,38,38
HDD SATA 256GB,HDD,SATA,256,2025-09-01,19.0,19.23,35,60
HDD SATA 256GB,HDD,SATA,256,2025-10-01,19.0,19.27,88,107
HDD SATA 256GB,HDD,SATA,256,2025-11-01,19.0,19.13,166,223
HDD SATA 256GB,HDD,SATA,256,2025-12-01,19.0,27.02,175,185
HDD SATA 256GB,HDD,SATA,256,2026-01-01,19.0,25.07,161,179
HDD SATA 256GB,HDD,SATA,256,2026-02-01,25.0,25.36,218,243
HDD SATA 256GB,HDD,SATA,256,2026-03-01,20.0,23.4,343,377
HDD SATA 256GB,HDD,SATA,256,2026-04-01,23.74,25.08,228,238
HDD SATA 256GB,HDD,SATA,256,2026-05-01,20.0,25.68,83,84
HDD SATA 26624GB,HDD,SATA,26624,2025-10-01,320.0,320.0,5,5
HDD SATA 26624GB,HDD,SATA,26624,2025-12-01,539.99,532.93,31,36
HDD SATA 26624GB,HDD,SATA,26624,2026-01-01,469.0,514.54,37,37
HDD SATA 26624GB,HDD,SATA,26624,2026-02-01,746.59,649.87,20,20
HDD SATA 26624GB,HDD,SATA,26624,2026-03-01,649.99,649.27,13,17
HDD SATA 26624GB,HDD,SATA,26624,2026-04-01,995.99,950.92,28,35
HDD SATA 26624GB,HDD,SATA,26624,2026-05-01,869.0,911.33,3,3
HDD SATA 28672GB,HDD,SATA,28672,2025-11-01,458.99,458.99,8,10
HDD SATA 28672GB,HDD,SATA,28672,2026-05-01,799.0,799.0,3,3
HDD SATA 2970GB,HDD,SATA,2970,2025-10-01,87.0,72.9,21,21
HDD SATA 2970GB,HDD,SATA,2970,2026-01-01,85.0,85.0,29,29
HDD SATA 2970GB,HDD,SATA,2970,2026-02-01,85.0,87.0,25,25
HDD SATA 2970GB,HDD,SATA,2970,2026-03-01,102.0,101.99,82,82
HDD SATA 2970GB,HDD,SATA,2970,2026-04-01,108.0,109.11,46,79
HDD SATA 2970GB,HDD,SATA,2970,2026-05-01,109.5,106.0,16,16
HDD SATA 300GB,HDD,SATA,300,2025-10-01,48.0,42.97,39,39
HDD SATA 300GB,HDD,SATA,300,2025-11-01,48.0,43.21,38,38
HDD SATA 300GB,HDD,SATA,300,2025-12-01,48.0,48.0,23,26
HDD SATA 300GB,HDD,SATA,300,2026-01-01,29.99,29.45,14,14
HDD SATA 300GB,HDD,SATA,300,2026-02-01,30.0,32.53,38,39
HDD SATA 300GB,HDD,SATA,300,2026-03-01,30.0,32.08,52,53
HDD SATA 300GB,HDD,SATA,300,2026-04-01,34.0,32.21,29,33
HDD SATA 300GB,HDD,SATA,300,2026-05-01,34.0,34.0,7,7
HDD SATA 30720GB,HDD,SATA,30720,2025-09-01,569.99,587.27,18,18
HDD SATA 30720GB,HDD,SATA,30720,2025-11-01,629.99,628.04,21,23
HDD SATA 30720GB,HDD,SATA,30720,2025-12-01,673.49,673.49,7,10
HDD SATA 30720GB,HDD,SATA,30720,2026-03-01,829.59,846.35,14,14
HDD SATA 30720GB,HDD,SATA,30720,2026-04-01,929.0,932.33,9,10
HDD SATA 3072GB,HDD,SATA,3072,2025-09-01,59.43,70.18,33,33
HDD SATA 3072GB,HDD,SATA,3072,2025-10-01,57.0,61.95,195,213
HDD SATA 3072GB,HDD,SATA,3072,2025-11-01,60.0,63.03,237,278
HDD SATA 3072GB,HDD,SATA,3072,2025-12-01,62.95,67.3,274,274
HDD SATA 3072GB,HDD,SATA,3072,2026-01-01,76.5,75.31,184,184
HDD SATA 3072GB,HDD,SATA,3072,2026-02-01,89.99,96.9,119,119
HDD SATA 3072GB,HDD,SATA,3072,2026-03-01,82.9,87.13,165,225
HDD SATA 3072GB,HDD,SATA,3072,2026-04-01,88.73,90.42,272,307
HDD SATA 3072GB,HDD,SATA,3072,2026-05-01,88.73,92.29,67,73
HDD SATA 30GB,HDD,SATA,30,2025-09-01,15.0,15.0,4,4
HDD SATA 30GB,HDD,SATA,30,2025-10-01,15.0,15.0,21,21
HDD SATA 30GB,HDD,SATA,30,2026-01-01,15.0,15.0,8,9
HDD SATA 30GB,HDD,SATA,30,2026-02-01,15.0,15.0,19,19
HDD SATA 320GB,HDD,SATA,320,2025-09-01,14.0,18.62,72,72
HDD SATA 320GB,HDD,SATA,320,2025-10-01,13.99,15.25,163,165
HDD SATA 320GB,HDD,SATA,320,2025-11-01,17.9,21.8,235,260
HDD SATA 320GB,HDD,SATA,320,2025-12-01,17.9,17.73,301,524
HDD SATA 320GB,HDD,SATA,320,2026-01-01,16.99,15.84,453,552
HDD SATA 320GB,HDD,SATA,320,2026-02-01,14.66,15.75,384,444
HDD SATA 320GB,HDD,SATA,320,2026-03-01,16.5,16.04,328,459
HDD SATA 320GB,HDD,SATA,320,2026-04-01,17.9,17.91,273,338
HDD SATA 320GB,HDD,SATA,320,2026-05-01,17.9,16.7,66,85
HDD SATA 32768GB,HDD,SATA,32768,2026-02-01,699.99,699.66,3,3
HDD SATA 32768GB,HDD,SATA,32768,2026-03-01,699.0,664.3,13,13
HDD SATA 32768GB,HDD,SATA,32768,2026-04-01,699.0,699.0,14,18
HDD SATA 37GB,HDD,SATA,37,2025-12-01,62.88,62.88,4,4
HDD SATA 37GB,HDD,SATA,37,2026-01-01,62.88,62.88,12,13
HDD SATA 37GB,HDD,SATA,37,2026-02-01,62.88,62.88,22,24
HDD SATA 37GB,HDD,SATA,37,2026-03-01,62.88,62.88,5,6
HDD SATA 37GB,HDD,SATA,37,2026-04-01,62.88,63.71,39,39
HDD SATA 37GB,HDD,SATA,37,2026-05-01,65.88,65.88,3,4
HDD SATA 3GB,HDD,SATA,3,2025-11-01,13.7,13.7,12,12
HDD SATA 3GB,HDD,SATA,3,2025-12-01,13.7,13.7,22,22
HDD SATA 4000GB,HDD,SATA,4000,2025-09-01,89.99,90.43,287,311
HDD SATA 4000GB,HDD,SATA,4000,2025-10-01,93.59,97.82,736,755
HDD SATA 4000GB,HDD,SATA,4000,2025-11-01,99.95,101.44,557,614
HDD SATA 4000GB,HDD,SATA,4000,2025-12-01,109.5,120.77,546,595
HDD SATA 4000GB,HDD,SATA,4000,2026-01-01,115.0,116.32,345,370
HDD SATA 4000GB,HDD,SATA,4000,2026-02-01,129.0,129.72,431,465
HDD SATA 4000GB,HDD,SATA,4000,2026-03-01,137.45,139.14,385,432
HDD SATA 4000GB,HDD,SATA,4000,2026-04-01,146.68,152.78,502,534
HDD SATA 4000GB,HDD,SATA,4000,2026-05-01,166.5,168.79,116,117
HDD SATA 400GB,HDD,SATA,400,2026-01-01,149.0,109.37,3,3
HDD SATA 400GB,HDD,SATA,400,2026-02-01,30.12,30.12,3,3
HDD SATA 400GB,HDD,SATA,400,2026-03-01,43.27,37.89,13,13
HDD SATA 40GB,HDD,SATA,40,2025-09-01,39.99,38.66,3,3
HDD SATA 40GB,HDD,SATA,40,2025-10-01,19.99,16.66,40,41
HDD SATA 40GB,HDD,SATA,40,2025-11-01,19.99,37.7,42,42
HDD SATA 40GB,HDD,SATA,40,2025-12-01,19.99,18.2,61,71
HDD SATA 40GB,HDD,SATA,40,2026-01-01,27.99,24.43,27,28
HDD SATA 40GB,HDD,SATA,40,2026-02-01,19.99,22.05,31,31
HDD SATA 40GB,HDD,SATA,40,2026-03-01,19.99,22.22,65,75
HDD SATA 40GB,HDD,SATA,40,2026-04-01,19.99,30.69,87,88
HDD SATA 40GB,HDD,SATA,40,2026-05-01,22.23,23.91,16,21
HDD SATA 4608GB,HDD,SATA,4608,2025-11-01,59.99,59.99,22,22
HDD SATA 4608GB,HDD,SATA,4608,2025-12-01,59.99,59.99,16,16
HDD SATA 500GB,HDD,SATA,500,2025-09-01,19.99,22.11,342,356
HDD SATA 500GB,HDD,SATA,500,2025-10-01,20.0,23.89,1110,1181
HDD SATA 500GB,HDD,SATA,500,2025-11-01,20.0,23.73,1080,1182
HDD SATA 500GB,HDD,SATA,500,2025-12-01,23.17,26.57,1278,1336
HDD SATA 500GB,HDD,SATA,500,2026-01-01,22.99,24.94,1054,1148
HDD SATA 500GB,HDD,SATA,500,2026-02-01,28.0,31.41,1590,1617
HDD SATA 500GB,HDD,SATA,500,2026-03-01,27.0,28.1,1735,1905
HDD SATA 500GB,HDD,SATA,500,2026-04-01,26.27,27.46,1311,1513
HDD SATA 500GB,HDD,SATA,500,2026-05-01,27.9,28.84,401,446
HDD SATA 5120GB,HDD,SATA,5120,2025-09-01,129.99,121.67,68,68
HDD SATA 5120GB,HDD,SATA,5120,2025-10-01,145.0,140.99,92,128
HDD SATA 5120GB,HDD,SATA,5120,2025-11-01,145.0,127.78,65,65
HDD SATA 5120GB,HDD,SATA,5120,2025-12-01,145.0,135.86,70,70
HDD SATA 5120GB,HDD,SATA,5120,2026-01-01,139.99,139.86,33,42
HDD SATA 5120GB,HDD,SATA,5120,2026-02-01,165.54,150.27,70,83
HDD SATA 5120GB,HDD,SATA,5120,2026-03-01,157.26,147.52,72,74
HDD SATA 5120GB,HDD,SATA,5120,2026-04-01,177.87,163.75,59,61
HDD SATA 5120GB,HDD,SATA,5120,2026-05-01,168.98,160.28,22,22
HDD SATA 6000GB,HDD,SATA,6000,2025-09-01,119.99,124.28,118,119
HDD SATA 6000GB,HDD,SATA,6000,2025-10-01,124.99,127.64,260,268
HDD SATA 6000GB,HDD,SATA,6000,2025-11-01,148.0,142.69,288,291
HDD SATA 6000GB,HDD,SATA,6000,2025-12-01,149.99,152.52,143,150
HDD SATA 6000GB,HDD,SATA,6000,2026-01-01,163.0,161.22,83,84
HDD SATA 6000GB,HDD,SATA,6000,2026-02-01,179.0,172.48,104,114
HDD SATA 6000GB,HDD,SATA,6000,2026-03-01,189.0,192.61,61,74
HDD SATA 6000GB,HDD,SATA,6000,2026-04-01,214.99,227.86,148,170
HDD SATA 6000GB,HDD,SATA,6000,2026-05-01,254.0,258.49,40,44
HDD SATA 600GB,HDD,SATA,600,2025-09-01,98.0,98.0,15,15
HDD SATA 600GB,HDD,SATA,600,2025-10-01,98.0,98.0,16,16
HDD SATA 600GB,HDD,SATA,600,2026-02-01,98.0,98.0,4,4
HDD SATA 600GB,HDD,SATA,600,2026-03-01,86.5,86.5,36,36
HDD SATA 600GB,HDD,SATA,600,2026-04-01,75.0,75.0,5,5
HDD SATA 60GB,HDD,SATA,60,2025-09-01,15.0,15.0,9,9
HDD SATA 60GB,HDD,SATA,60,2025-10-01,15.0,15.0,18,18
HDD SATA 60GB,HDD,SATA,60,2025-11-01,15.0,15.0,8,9
HDD SATA 60GB,HDD,SATA,60,2025-12-01,15.0,15.0,24,30
HDD SATA 60GB,HDD,SATA,60,2026-01-01,15.0,35.19,42,42
HDD SATA 60GB,HDD,SATA,60,2026-02-01,15.0,15.0,14,17
HDD SATA 60GB,HDD,SATA,60,2026-03-01,8.99,11.44,27,27
HDD SATA 60GB,HDD,SATA,60,2026-04-01,8.99,8.99,15,15
HDD SATA 640GB,HDD,SATA,640,2025-10-01,45.99,33.24,24,24
HDD SATA 640GB,HDD,SATA,640,2025-11-01,22.9,28.6,103,103
HDD SATA 640GB,HDD,SATA,640,2025-12-01,22.9,28.35,25,28
HDD SATA 640GB,HDD,SATA,640,2026-01-01,48.02,47.13,16,19
HDD SATA 640GB,HDD,SATA,640,2026-02-01,48.02,48.02,32,35
HDD SATA 640GB,HDD,SATA,640,2026-03-01,31.48,29.93,14,14
HDD SATA 640GB,HDD,SATA,640,2026-04-01,34.95,34.95,17,23
HDD SATA 640GB,HDD,SATA,640,2026-05-01,34.99,34.97,10,10
HDD SATA 6GB,HDD,SATA,6,2025-10-01,280.99,280.99,5,6
HDD SATA 6GB,HDD,SATA,6,2025-11-01,29.99,29.99,15,19
HDD SATA 6GB,HDD,SATA,6,2025-12-01,29.99,29.99,47,55
HDD SATA 6GB,HDD,SATA,6,2026-01-01,29.99,29.99,33,41
HDD SATA 6GB,HDD,SATA,6,2026-02-01,53.99,53.99,18,22
HDD SATA 6GB,HDD,SATA,6,2026-04-01,60.99,60.99,8,10
HDD SATA 72GB,HDD,SATA,72,2025-12-01,25.0,25.0,8,8
HDD SATA 72GB,HDD,SATA,72,2026-01-01,25.0,43.75,8,8
HDD SATA 72GB,HDD,SATA,72,2026-02-01,25.0,39.17,54,54
HDD SATA 72GB,HDD,SATA,72,2026-03-01,25.0,23.12,40,47
HDD SATA 72GB,HDD,SATA,72,2026-04-01,25.0,45.83,48,48
HDD SATA 72GB,HDD,SATA,72,2026-05-01,25.0,48.08,13,13
HDD SATA 73GB,HDD,SATA,73,2025-09-01,60.0,60.0,3,4
HDD SATA 73GB,HDD,SATA,73,2025-10-01,188.0,188.0,16,17
HDD SATA 73GB,HDD,SATA,73,2025-11-01,150.33,150.89,3,4
HDD SATA 73GB,HDD,SATA,73,2025-12-01,150.33,150.33,8,9
HDD SATA 73GB,HDD,SATA,73,2026-02-01,68.88,68.88,7,8
HDD SATA 73GB,HDD,SATA,73,2026-03-01,57.44,62.43,24,24
HDD SATA 73GB,HDD,SATA,73,2026-04-01,56.88,56.88,26,26
HDD SATA 73GB,HDD,SATA,73,2026-05-01,56.88,56.88,4,4
HDD SATA 74GB,HDD,SATA,74,2025-09-01,40.0,40.0,6,6
HDD SATA 750GB,HDD,SATA,750,2025-09-01,24.5,30.73,26,26
HDD SATA 750GB,HDD,SATA,750,2025-10-01,24.5,24.65,10,10
HDD SATA 750GB,HDD,SATA,750,2025-11-01,24.5,25.82,32,33
HDD SATA 750GB,HDD,SATA,750,2025-12-01,27.5,22.82,46,46
HDD SATA 750GB,HDD,SATA,750,2026-01-01,31.97,30.48,100,103
HDD SATA 750GB,HDD,SATA,750,2026-02-01,27.9,29.78,92,97
HDD SATA 750GB,HDD,SATA,750,2026-03-01,31.9,30.96,101,132
HDD SATA 750GB,HDD,SATA,750,2026-04-01,31.9,31.03,191,233
HDD SATA 750GB,HDD,SATA,750,2026-05-01,31.01,29.66,36,38
HDD SATA 8000GB,HDD,SATA,8000,2025-09-01,159.99,166.19,176,182
HDD SATA 8000GB,HDD,SATA,8000,2025-10-01,180.0,172.03,299,332
HDD SATA 8000GB,HDD,SATA,8000,2025-11-01,189.99,207.5,355,363
HDD SATA 8000GB,HDD,SATA,8000,2025-12-01,219.99,240.94,225,229
HDD SATA 8000GB,HDD,SATA,8000,2026-01-01,215.0,226.49,132,132
HDD SATA 8000GB,HDD,SATA,8000,2026-02-01,214.75,218.59,182,205
HDD SATA 8000GB,HDD,SATA,8000,2026-03-01,254.99,254.98,151,168
HDD SATA 8000GB,HDD,SATA,8000,2026-04-01,264.64,270.42,111,136
HDD SATA 8000GB,HDD,SATA,8000,2026-05-01,392.57,384.72,26,26
HDD SATA 80GB,HDD,SATA,80,2025-09-01,49.88,34.38,27,27
HDD SATA 80GB,HDD,SATA,80,2025-10-01,17.5,17.5,16,26
HDD SATA 80GB,HDD,SATA,80,2025-11-01,17.5,37.52,20,20
HDD SATA 80GB,HDD,SATA,80,2025-12-01,17.5,18.46,39,59
HDD SATA 80GB,HDD,SATA,80,2026-01-01,17.5,17.5,49,71
HDD SATA 80GB,HDD,SATA,80,2026-02-01,80.0,70.4,39,39
HDD SATA 80GB,HDD,SATA,80,2026-03-01,80.0,71.57,91,91
HDD SATA 80GB,HDD,SATA,80,2026-04-01,100.0,100.0,21,26
HDD SATA 9GB,HDD,SATA,9,2025-10-01,8.0,8.0,15,15
HDD SATA 9GB,HDD,SATA,9,2025-11-01,8.0,8.0,6,6
SSD Enterprise PCIe 1000GB,SSD Enterprise,PCIe,1000,2026-01-01,291.26,291.26,4,4
SSD Enterprise SATA 1000GB,SSD Enterprise,SATA,1000,2025-09-01,134.5,134.5,8,9
SSD Enterprise SATA 1000GB,SSD Enterprise,SATA,1000,2025-10-01,119.99,112.97,33,33
SSD Enterprise SATA 1000GB,SSD Enterprise,SATA,1000,2025-11-01,134.5,116.62,26,26
SSD Enterprise SATA 1000GB,SSD Enterprise,SATA,1000,2025-12-01,199.0,173.43,27,27
SSD Enterprise SATA 1000GB,SSD Enterprise,SATA,1000,2026-01-01,185.76,190.41,48,54
SSD Enterprise SATA 1000GB,SSD Enterprise,SATA,1000,2026-02-01,312.21,298.1,63,73
SSD Enterprise SATA 1000GB,SSD Enterprise,SATA,1000,2026-03-01,283.0,275.23,40,40
SSD Enterprise SATA 1000GB,SSD Enterprise,SATA,1000,2026-05-01,400.79,400.79,8,10
SSD Enterprise SATA 128GB,SSD Enterprise,SATA,128,2026-02-01,248.0,248.0,15,15
SSD Enterprise SATA 12GB,SSD Enterprise,SATA,12,2025-09-01,99.88,96.43,49,49
SSD Enterprise SATA 12GB,SSD Enterprise,SATA,12,2025-10-01,99.88,95.78,110,110
SSD Enterprise SATA 12GB,SSD Enterprise,SATA,12,2025-11-01,79.0,74.22,79,97
SSD Enterprise SATA 12GB,SSD Enterprise,SATA,12,2026-01-01,79.0,79.0,5,5
SSD Enterprise SATA 12GB,SSD Enterprise,SATA,12,2026-02-01,79.0,79.0,29,29
SSD Enterprise SATA 12GB,SSD Enterprise,SATA,12,2026-03-01,79.0,79.0,14,14
SSD Enterprise SATA 12GB,SSD Enterprise,SATA,12,2026-04-01,159.99,159.99,3,4
SSD Enterprise SATA 1638GB,SSD Enterprise,SATA,1638,2025-10-01,165.0,165.0,9,9
SSD Enterprise SATA 1638GB,SSD Enterprise,SATA,1638,2026-02-01,350.0,350.0,3,4
SSD Enterprise SATA 1638GB,SSD Enterprise,SATA,1638,2026-04-01,295.0,295.0,19,19
SSD Enterprise SATA 1638GB,SSD Enterprise,SATA,1638,2026-05-01,295.0,295.0,14,14
SSD Enterprise SATA 2000GB,SSD Enterprise,SATA,2000,2025-09-01,249.99,232.39,29,29
SSD Enterprise SATA 2000GB,SSD Enterprise,SATA,2000,2025-10-01,235.59,236.62,83,84
SSD Enterprise SATA 2000GB,SSD Enterprise,SATA,2000,2025-11-01,249.99,246.64,81,97
SSD Enterprise SATA 2000GB,SSD Enterprise,SATA,2000,2025-12-01,199.99,206.17,83,87
SSD Enterprise SATA 2000GB,SSD Enterprise,SATA,2000,2026-01-01,499.0,499.0,12,14
SSD Enterprise SATA 2000GB,SSD Enterprise,SATA,2000,2026-02-01,519.0,519.0,3,3
SSD Enterprise SATA 2000GB,SSD Enterprise,SATA,2000,2026-03-01,650.43,579.07,26,26
SSD Enterprise SATA 2000GB,SSD Enterprise,SATA,2000,2026-04-01,615.0,562.36,26,27
SSD Enterprise SATA 2000GB,SSD Enterprise,SATA,2000,2026-05-01,615.0,615.17,7,9
SSD Enterprise SATA 256GB,SSD Enterprise,SATA,256,2025-11-01,54.87,56.28,31,31
SSD Enterprise SATA 256GB,SSD Enterprise,SATA,256,2025-12-01,59.0,59.0,20,24
SSD Enterprise SATA 256GB,SSD Enterprise,SATA,256,2026-01-01,109.75,109.75,29,38
SSD Enterprise SATA 256GB,SSD Enterprise,SATA,256,2026-02-01,109.75,133.93,33,33
SSD Enterprise SATA 256GB,SSD Enterprise,SATA,256,2026-03-01,168.04,167.69,16,16
SSD Enterprise SATA 256GB,SSD Enterprise,SATA,256,2026-04-01,125.0,110.05,29,29
SSD Enterprise SATA 256GB,SSD Enterprise,SATA,256,2026-05-01,99.95,99.95,13,13
SSD Enterprise SATA 4000GB,SSD Enterprise,SATA,4000,2025-09-01,397.5,397.5,4,4
SSD Enterprise SATA 4000GB,SSD Enterprise,SATA,4000,2025-10-01,319.99,319.99,9,11
SSD Enterprise SATA 4000GB,SSD Enterprise,SATA,4000,2025-11-01,349.99,337.13,14,14
SSD Enterprise SATA 4000GB,SSD Enterprise,SATA,4000,2025-12-01,339.99,343.32,9,9
SSD Enterprise SATA 4000GB,SSD Enterprise,SATA,4000,2026-04-01,1389.99,1389.99,9,9
SSD Enterprise SATA 500GB,SSD Enterprise,SATA,500,2025-10-01,47.8,47.8,3,5
SSD Enterprise SATA 500GB,SSD Enterprise,SATA,500,2025-11-01,62.16,62.16,8,10
SSD Enterprise SATA 500GB,SSD Enterprise,SATA,500,2025-12-01,101.26,95.5,10,10
SSD Enterprise SATA 500GB,SSD Enterprise,SATA,500,2026-01-01,84.0,118.74,24,24
SSD Enterprise SATA 500GB,SSD Enterprise,SATA,500,2026-02-01,128.83,113.84,48,49
SSD Enterprise SATA 500GB,SSD Enterprise,SATA,500,2026-03-01,125.0,206.65,60,60
SSD Enterprise SATA 500GB,SSD Enterprise,SATA,500,2026-04-01,125.0,125.0,71,97
SSD Enterprise SATA 500GB,SSD Enterprise,SATA,500,2026-05-01,195.0,195.0,24,24
SSD Enterprise SATA 6GB,SSD Enterprise,SATA,6,2026-03-01,139.98,110.32,3,3
SSD Enterprise SATA 6GB,SSD Enterprise,SATA,6,2026-04-01,139.98,139.98,12,12
SSD Enterprise SATA 8000GB,SSD Enterprise,SATA,8000,2025-09-01,675.0,675.0,11,11
SSD Enterprise SATA 8000GB,SSD Enterprise,SATA,8000,2025-10-01,799.0,799.0,16,16
SSD Enterprise SATA 8000GB,SSD Enterprise,SATA,8000,2025-11-01,675.0,675.0,33,33
SSD Enterprise SATA 8000GB,SSD Enterprise,SATA,8000,2025-12-01,675.0,675.0,27,30
SSD Enterprise SATA 8000GB,SSD Enterprise,SATA,8000,2026-04-01,1819.0,1819.0,29,29
SSD Enterprise SATA 8000GB,SSD Enterprise,SATA,8000,2026-05-01,1819.0,1819.0,7,7
SSD Enterprise SATA 800GB,SSD Enterprise,SATA,800,2025-09-01,89.13,89.13,3,3
SSD Enterprise SATA 800GB,SSD Enterprise,SATA,800,2025-10-01,79.0,79.0,9,9
SSD Enterprise SATA 800GB,SSD Enterprise,SATA,800,2026-02-01,128.48,128.48,6,7
SSD Enterprise SATA 8GB,SSD Enterprise,SATA,8,2025-12-01,2058.0,2058.0,3,3
SSD External SATA 6GB,SSD External,SATA,6,2026-02-01,9.0,9.0,7,7
SSD External Thunderbolt 2000GB,SSD External,Thunderbolt,2000,2025-10-01,399.95,399.95,3,3
SSD External Thunderbolt 2000GB,SSD External,Thunderbolt,2000,2025-12-01,399.95,399.95,4,5
SSD External Thunderbolt 2000GB,SSD External,Thunderbolt,2000,2026-04-01,399.95,393.71,4,5
SSD External Thunderbolt 32768GB,SSD External,Thunderbolt,32768,2026-03-01,17.74,17.74,3,3
SSD External Thunderbolt 4000GB,SSD External,Thunderbolt,4000,2025-10-01,415.0,415.0,4,5
SSD External Thunderbolt 500GB,SSD External,Thunderbolt,500,2025-09-01,56.95,56.95,12,12
SSD External Thunderbolt 500GB,SSD External,Thunderbolt,500,2025-10-01,56.95,56.95,28,30
SSD External Thunderbolt 500GB,SSD External,Thunderbolt,500,2025-11-01,59.95,59.17,23,23
SSD External USB 1000GB,SSD External,USB,1000,2025-09-01,77.99,76.11,54,79
SSD External USB 1000GB,SSD External,USB,1000,2025-10-01,74.95,72.87,136,154
SSD External USB 1000GB,SSD External,USB,1000,2025-11-01,75.99,85.23,114,119
SSD External USB 1000GB,SSD External,USB,1000,2025-12-01,109.99,109.52,154,163
SSD External USB 1000GB,SSD External,USB,1000,2026-01-01,100.0,110.5,121,125
SSD External USB 1000GB,SSD External,USB,1000,2026-02-01,119.99,126.58,210,224
SSD External USB 1000GB,SSD External,USB,1000,2026-03-01,119.99,125.72,231,244
SSD External USB 1000GB,SSD External,USB,1000,2026-04-01,130.0,142.34,319,346
SSD External USB 1000GB,SSD External,USB,1000,2026-05-01,149.99,162.94,57,59
SSD External USB 10GB,SSD External,USB,10,2026-03-01,115.99,115.99,5,6
SSD External USB 128GB,SSD External,USB,128,2025-10-01,44.99,40.77,16,16
SSD External USB 128GB,SSD External,USB,128,2025-11-01,44.99,44.99,4,4
SSD External USB 128GB,SSD External,USB,128,2025-12-01,44.99,44.99,11,13
SSD External USB 128GB,SSD External,USB,128,2026-01-01,33.99,33.99,4,4
SSD External USB 2000GB,SSD External,USB,2000,2025-09-01,142.99,160.62,54,54
SSD External USB 2000GB,SSD External,USB,2000,2025-10-01,129.0,163.59,177,177
SSD External USB 2000GB,SSD External,USB,2000,2025-11-01,126.96,141.26,171,180
SSD External USB 2000GB,SSD External,USB,2000,2025-12-01,180.99,173.55,185,186
SSD External USB 2000GB,SSD External,USB,2000,2026-01-01,179.0,179.41,71,76
SSD External USB 2000GB,SSD External,USB,2000,2026-02-01,219.0,219.89,103,112
SSD External USB 2000GB,SSD External,USB,2000,2026-03-01,248.0,249.13,114,117
SSD External USB 2000GB,SSD External,USB,2000,2026-04-01,255.46,261.0,139,143
SSD External USB 2000GB,SSD External,USB,2000,2026-05-01,214.99,247.61,16,19
SSD External USB 256GB,SSD External,USB,256,2025-09-01,38.62,38.62,9,9
SSD External USB 256GB,SSD External,USB,256,2025-10-01,38.62,38.62,9,10
SSD External USB 256GB,SSD External,USB,256,2025-11-01,72.97,72.97,9,13
SSD External USB 256GB,SSD External,USB,256,2025-12-01,54.97,66.3,30,30
SSD External USB 256GB,SSD External,USB,256,2026-01-01,45.0,45.07,23,29
SSD External USB 256GB,SSD External,USB,256,2026-02-01,45.0,45.0,28,37
SSD External USB 256GB,SSD External,USB,256,2026-03-01,50.0,58.16,73,74
SSD External USB 256GB,SSD External,USB,256,2026-04-01,59.99,72.16,89,89
SSD External USB 256GB,SSD External,USB,256,2026-05-01,53.0,53.0,12,13
SSD External USB 2GB,SSD External,USB,2,2025-12-01,44.99,44.99,3,3
SSD External USB 2GB,SSD External,USB,2,2026-03-01,44.99,44.99,11,11
SSD External USB 4000GB,SSD External,USB,4000,2025-09-01,259.99,259.71,21,28
SSD External USB 4000GB,SSD External,USB,4000,2025-10-01,229.0,233.87,73,73
SSD External USB 4000GB,SSD External,USB,4000,2025-11-01,227.0,235.66,73,79
SSD External USB 4000GB,SSD External,USB,4000,2025-12-01,299.99,318.21,93,98
SSD External USB 4000GB,SSD External,USB,4000,2026-01-01,315.94,318.45,38,40
SSD External USB 4000GB,SSD External,USB,4000,2026-02-01,325.0,323.61,61,74
SSD External USB 4000GB,SSD External,USB,4000,2026-03-01,329.99,361.87,104,105
SSD External USB 4000GB,SSD External,USB,4000,2026-04-01,399.0,436.06,67,74
SSD External USB 4000GB,SSD External,USB,4000,2026-05-01,475.0,566.52,9,9
SSD External USB 4GB,SSD External,USB,4,2025-10-01,16.0,16.11,23,23
SSD External USB 4GB,SSD External,USB,4,2025-11-01,16.0,15.9,15,15
SSD External USB 4GB,SSD External,USB,4,2025-12-01,15.5,15.5,4,5
SSD External USB 4GB,SSD External,USB,4,2026-02-01,15.0,15.09,11,11
SSD External USB 4GB,SSD External,USB,4,2026-03-01,15.0,14.9,25,25
SSD External USB 4GB,SSD External,USB,4,2026-04-01,14.5,14.61,30,30
SSD External USB 4GB,SSD External,USB,4,2026-05-01,14.5,14.5,7,7
SSD External USB 500GB,SSD External,USB,500,2025-09-01,39.95,42.36,27,29
SSD External USB 500GB,SSD External,USB,500,2025-10-01,44.0,44.0,12,19
SSD External USB 500GB,SSD External,USB,500,2025-11-01,40.0,42.99,29,30
SSD External USB 500GB,SSD External,USB,500,2025-12-01,38.5,48.55,65,66
SSD External USB 500GB,SSD External,USB,500,2026-01-01,67.49,72.87,16,17
SSD External USB 500GB,SSD External,USB,500,2026-02-01,107.9,112.94,58,68
SSD External USB 500GB,SSD External,USB,500,2026-03-01,92.95,97.93,77,77
SSD External USB 500GB,SSD External,USB,500,2026-04-01,100.0,91.27,78,80
SSD External USB 500GB,SSD External,USB,500,2026-05-01,122.9,167.72,9,9
SSD External USB 6000GB,SSD External,USB,6000,2025-09-01,319.99,319.99,6,6
SSD External USB 6000GB,SSD External,USB,6000,2025-11-01,289.99,289.99,11,11
SSD External USB 6000GB,SSD External,USB,6000,2026-01-01,499.99,499.99,3,4
SSD External USB 8000GB,SSD External,USB,8000,2025-09-01,439.99,439.99,3,4
SSD External USB 8000GB,SSD External,USB,8000,2025-10-01,439.99,427.93,33,33
SSD External USB 8000GB,SSD External,USB,8000,2025-11-01,384.99,386.92,15,20
SSD External USB 8000GB,SSD External,USB,8000,2025-12-01,734.99,734.99,7,9
SSD External USB 8000GB,SSD External,USB,8000,2026-01-01,529.95,543.97,5,5
SSD External USB 8000GB,SSD External,USB,8000,2026-02-01,699.95,685.93,3,5
SSD External USB 8000GB,SSD External,USB,8000,2026-03-01,300.0,491.41,33,33
SSD External USB 8000GB,SSD External,USB,8000,2026-04-01,649.0,549.46,58,58
SSD External USB 8000GB,SSD External,USB,8000,2026-05-01,765.0,753.0,5,6
SSD External USB 8GB,SSD External,USB,8,2026-02-01,238.5,238.5,4,4
SSD External USB 8GB,SSD External,USB,8,2026-03-01,318.0,318.0,6,6
SSD IDE 128GB,SSD,IDE,128,2025-09-01,38.77,38.77,27,27
SSD IDE 128GB,SSD,IDE,128,2025-10-01,38.77,38.77,10,10
SSD IDE 128GB,SSD,IDE,128,2025-11-01,38.77,38.77,21,23
SSD IDE 128GB,SSD,IDE,128,2025-12-01,46.76,46.76,16,16
SSD IDE 128GB,SSD,IDE,128,2026-01-01,46.76,46.76,27,34
SSD IDE 128GB,SSD,IDE,128,2026-02-01,46.75,46.75,14,14
SSD IDE 128GB,SSD,IDE,128,2026-03-01,49.75,50.68,29,38
SSD IDE 128GB,SSD,IDE,128,2026-04-01,49.73,49.73,19,21
SSD IDE 128GB,SSD,IDE,128,2026-05-01,404.65,404.65,6,6
SSD IDE 256GB,SSD,IDE,256,2025-10-01,39.99,39.99,4,4
SSD IDE 256GB,SSD,IDE,256,2025-11-01,42.98,41.79,42,42
SSD IDE 256GB,SSD,IDE,256,2025-12-01,43.97,47.91,28,28
SSD IDE 256GB,SSD,IDE,256,2026-01-01,58.88,58.88,12,14
SSD IDE 256GB,SSD,IDE,256,2026-03-01,68.87,68.87,14,15
SSD IDE 256GB,SSD,IDE,256,2026-04-01,71.86,71.86,11,11
SSD IDE 256GB,SSD,IDE,256,2026-05-01,71.86,71.86,6,6
SSD IDE 32GB,SSD,IDE,32,2025-09-01,62.66,62.66,13,13
SSD IDE 32GB,SSD,IDE,32,2025-10-01,62.66,62.66,12,12
SSD IDE 32GB,SSD,IDE,32,2025-11-01,68.64,68.64,8,8
SSD IDE 32GB,SSD,IDE,32,2025-12-01,109.03,109.03,8,8
SSD IDE 32GB,SSD,IDE,32,2026-01-01,67.01,67.59,8,8
SSD IDE 32GB,SSD,IDE,32,2026-02-01,109.91,110.48,10,15
SSD IDE 500GB,SSD,IDE,500,2026-01-01,74.64,74.64,8,8
SSD IDE 500GB,SSD,IDE,500,2026-03-01,123.17,123.07,3,3
SSD IDE 64GB,SSD,IDE,64,2025-11-01,121.41,121.41,18,24
SSD IDE 64GB,SSD,IDE,64,2025-12-01,121.41,121.41,3,4
SSD IDE 64GB,SSD,IDE,64,2026-01-01,29.9,29.9,17,20
SSD IDE 64GB,SSD,IDE,64,2026-02-01,29.9,39.17,42,42
SSD IDE 64GB,SSD,IDE,64,2026-03-01,29.9,35.61,52,52
SSD IDE 64GB,SSD,IDE,64,2026-04-01,29.9,29.9,28,28
SSD IDE 64GB,SSD,IDE,64,2026-05-01,29.9,29.9,7,7
SSD NVMe 1000GB,SSD,NVMe,1000,2025-09-01,77.99,80.53,1213,1265
SSD NVMe 1000GB,SSD,NVMe,1000,2025-10-01,75.0,81.06,2290,2452
SSD NVMe 1000GB,SSD,NVMe,1000,2025-11-01,96.0,99.32,2400,2573
SSD NVMe 1000GB,SSD,NVMe,1000,2025-12-01,125.0,132.87,2157,2282
SSD NVMe 1000GB,SSD,NVMe,1000,2026-01-01,163.99,170.13,1851,2032
SSD NVMe 1000GB,SSD,NVMe,1000,2026-02-01,175.0,185.14,2660,2925
SSD NVMe 1000GB,SSD,NVMe,1000,2026-03-01,179.99,197.56,3466,3673
SSD NVMe 1000GB,SSD,NVMe,1000,2026-04-01,186.99,203.56,3431,3624
SSD NVMe 1000GB,SSD,NVMe,1000,2026-05-01,182.58,193.46,821,896
SSD NVMe 100GB,SSD,NVMe,100,2025-11-01,995.0,994.98,6,7
SSD NVMe 10GB,SSD,NVMe,10,2026-01-01,27.99,27.99,7,9
SSD NVMe 10GB,SSD,NVMe,10,2026-02-01,69.43,69.43,4,4
SSD NVMe 1229GB,SSD,NVMe,1229,2026-01-01,529.99,469.99,3,3
SSD NVMe 1229GB,SSD,NVMe,1229,2026-03-01,268.0,268.0,6,7
SSD NVMe 1229GB,SSD,NVMe,1229,2026-04-01,268.0,268.0,24,27
SSD NVMe 1229GB,SSD,NVMe,1229,2026-05-01,244.99,244.99,3,3
SSD NVMe 128GB,SSD,NVMe,128,2025-09-01,14.0,13.49,107,113
SSD NVMe 128GB,SSD,NVMe,128,2025-10-01,10.0,11.79,141,170
SSD NVMe 128GB,SSD,NVMe,128,2025-11-01,13.0,14.57,202,209
SSD NVMe 128GB,SSD,NVMe,128,2025-12-01,16.05,17.57,262,275
SSD NVMe 128GB,SSD,NVMe,128,2026-01-01,25.0,76.29,194,219
SSD NVMe 128GB,SSD,NVMe,128,2026-02-01,22.99,24.54,156,174
SSD NVMe 128GB,SSD,NVMe,128,2026-03-01,31.99,44.83,138,150
SSD NVMe 128GB,SSD,NVMe,128,2026-04-01,35.0,48.65,161,180
SSD NVMe 128GB,SSD,NVMe,128,2026-05-01,39.99,39.89,44,46
SSD NVMe 12GB,SSD,NVMe,12,2025-09-01,129.0,129.0,20,20
SSD NVMe 12GB,SSD,NVMe,12,2025-10-01,129.0,129.0,51,53
SSD NVMe 12GB,SSD,NVMe,12,2025-11-01,129.0,77.51,47,47
SSD NVMe 12GB,SSD,NVMe,12,2025-12-01,19.0,19.0,6,6
SSD NVMe 12GB,SSD,NVMe,12,2026-01-01,19.0,19.0,8,13
SSD NVMe 12GB,SSD,NVMe,12,2026-02-01,139.0,135.0,15,18
SSD NVMe 12GB,SSD,NVMe,12,2026-03-01,139.0,139.0,21,22
SSD NVMe 12GB,SSD,NVMe,12,2026-04-01,139.0,139.0,14,14
SSD NVMe 14000GB,SSD,NVMe,14000,2025-09-01,1250.0,1250.0,12,14
SSD NVMe 14000GB,SSD,NVMe,14000,2025-10-01,1250.0,1250.0,13,14
SSD NVMe 150GB,SSD,NVMe,150,2026-04-01,19.99,19.99,4,4
SSD NVMe 1536GB,SSD,NVMe,1536,2025-09-01,620.99,620.99,3,4
SSD NVMe 1536GB,SSD,NVMe,1536,2025-10-01,669.0,669.0,3,4
SSD NVMe 1536GB,SSD,NVMe,1536,2025-12-01,1199.0,1032.33,3,3
SSD NVMe 1536GB,SSD,NVMe,1536,2026-01-01,691.0,691.0,3,4
SSD NVMe 16000GB,SSD,NVMe,16000,2025-09-01,1750.0,1750.0,3,4
SSD NVMe 16000GB,SSD,NVMe,16000,2025-10-01,1999.99,2077.94,53,72
SSD NVMe 16000GB,SSD,NVMe,16000,2025-11-01,1750.0,1817.24,58,59
SSD NVMe 16000GB,SSD,NVMe,16000,2025-12-01,2193.22,2114.87,26,26
SSD NVMe 16000GB,SSD,NVMe,16000,2026-01-01,2650.0,2334.32,14,14
SSD NVMe 16000GB,SSD,NVMe,16000,2026-02-01,3816.87,3592.05,3,3
SSD NVMe 16000GB,SSD,NVMe,16000,2026-03-01,3816.87,3040.11,12,12
SSD NVMe 16000GB,SSD,NVMe,16000,2026-04-01,1473.49,1332.56,34,39
SSD NVMe 16000GB,SSD,NVMe,16000,2026-05-01,460.0,519.86,9,12
SSD NVMe 1638GB,SSD,NVMe,1638,2025-09-01,133.23,143.37,25,29
SSD NVMe 1638GB,SSD,NVMe,1638,2025-10-01,149.0,153.48,48,55
SSD NVMe 1638GB,SSD,NVMe,1638,2025-11-01,295.0,264.05,27,31
SSD NVMe 1638GB,SSD,NVMe,1638,2025-12-01,295.0,319.25,64,75
SSD NVMe 1638GB,SSD,NVMe,1638,2026-01-01,499.0,452.28,70,81
SSD NVMe 1638GB,SSD,NVMe,1638,2026-02-01,339.96,398.13,100,111
SSD NVMe 1638GB,SSD,NVMe,1638,2026-03-01,339.96,413.47,102,114
SSD NVMe 1638GB,SSD,NVMe,1638,2026-04-01,468.82,471.43,28,34
SSD NVMe 1638GB,SSD,NVMe,1638,2026-05-01,453.15,433.75,24,24
SSD NVMe 16GB,SSD,NVMe,16,2025-09-01,4.5,5.52,91,104
SSD NVMe 16GB,SSD,NVMe,16,2025-10-01,7.99,10.74,240,253
SSD NVMe 16GB,SSD,NVMe,16,2025-11-01,12.99,14.01,208,219
SSD NVMe 16GB,SSD,NVMe,16,2025-12-01,18.99,18.2,274,274
SSD NVMe 16GB,SSD,NVMe,16,2026-01-01,9.99,19.03,197,210
SSD NVMe 16GB,SSD,NVMe,16,2026-02-01,29.99,25.21,241,243
SSD NVMe 16GB,SSD,NVMe,16,2026-03-01,29.99,26.01,257,263
SSD NVMe 16GB,SSD,NVMe,16,2026-04-01,9.99,24.72,251,282
SSD NVMe 16GB,SSD,NVMe,16,2026-05-01,9.99,18.65,60,60
SSD NVMe 2000GB,SSD,NVMe,2000,2025-09-01,134.99,141.54,1054,1167
SSD NVMe 2000GB,SSD,NVMe,2000,2025-10-01,139.85,143.01,1883,2080
SSD NVMe 2000GB,SSD,NVMe,2000,2025-11-01,157.94,163.07,1599,1746
SSD NVMe 2000GB,SSD,NVMe,2000,2025-12-01,200.0,210.39,1602,1732
SSD NVMe 2000GB,SSD,NVMe,2000,2026-01-01,279.99,294.29,1192,1272
SSD NVMe 2000GB,SSD,NVMe,2000,2026-02-01,289.99,294.06,1716,1872
SSD NVMe 2000GB,SSD,NVMe,2000,2026-03-01,289.99,296.38,1855,1995
SSD NVMe 2000GB,SSD,NVMe,2000,2026-04-01,300.0,320.53,1504,1627
SSD NVMe 2000GB,SSD,NVMe,2000,2026-05-01,325.0,341.41,361,387
SSD NVMe 22528GB,SSD,NVMe,22528,2025-11-01,287.99,287.99,10,10
SSD NVMe 22528GB,SSD,NVMe,22528,2025-12-01,259.19,259.19,9,10
SSD NVMe 256GB,SSD,NVMe,256,2025-09-01,19.99,26.66,395,434
SSD NVMe 256GB,SSD,NVMe,256,2025-10-01,21.99,25.26,1009,1094
SSD NVMe 256GB,SSD,NVMe,256,2025-11-01,29.99,42.27,966,1041
SSD NVMe 256GB,SSD,NVMe,256,2025-12-01,35.0,41.32,793,895
SSD NVMe 256GB,SSD,NVMe,256,2026-01-01,45.99,55.31,821,858
SSD NVMe 256GB,SSD,NVMe,256,2026-02-01,50.0,66.01,971,1006
SSD NVMe 256GB,SSD,NVMe,256,2026-03-01,59.99,73.68,906,947
SSD NVMe 256GB,SSD,NVMe,256,2026-04-01,77.43,82.93,954,997
SSD NVMe 256GB,SSD,NVMe,256,2026-05-01,79.02,89.2,229,240
SSD NVMe 26214GB,SSD,NVMe,26214,2026-01-01,9999.99,9999.99,10,12
SSD NVMe 2GB,SSD,NVMe,2,2026-01-01,3202.0,3202.0,4,4
SSD NVMe 31457GB,SSD,NVMe,31457,2025-10-01,5999.0,6053.38,15,19
SSD NVMe 31457GB,SSD,NVMe,31457,2025-11-01,7705.9,6336.72,7,7
SSD NVMe 31457GB,SSD,NVMe,31457,2025-12-01,7706.9,7706.9,9,10
SSD NVMe 31457GB,SSD,NVMe,31457,2026-02-01,4250.0,5601.38,4,4
SSD NVMe 31457GB,SSD,NVMe,31457,2026-03-01,2750.0,4588.64,11,11
SSD NVMe 31457GB,SSD,NVMe,31457,2026-04-01,9875.0,9875.0,29,34
SSD NVMe 31457GB,SSD,NVMe,31457,2026-05-01,9989.9,11170.14,27,27
SSD NVMe 32154624GB,SSD,NVMe,32154624,2026-01-01,234.28,234.28,8,10
SSD NVMe 32154624GB,SSD,NVMe,32154624,2026-03-01,234.31,234.32,3,3
SSD NVMe 3277GB,SSD,NVMe,3277,2025-09-01,452.63,452.63,15,17
SSD NVMe 3277GB,SSD,NVMe,3277,2025-10-01,579.0,577.41,23,28
SSD NVMe 3277GB,SSD,NVMe,3277,2025-11-01,399.0,422.56,79,79
SSD NVMe 3277GB,SSD,NVMe,3277,2025-12-01,350.0,429.75,54,55
SSD NVMe 3277GB,SSD,NVMe,3277,2026-01-01,593.0,628.93,28,33
SSD NVMe 3277GB,SSD,NVMe,3277,2026-02-01,516.0,713.23,9,10
SSD NVMe 3277GB,SSD,NVMe,3277,2026-03-01,469.4,500.73,14,15
SSD NVMe 3277GB,SSD,NVMe,3277,2026-04-01,1550.0,1725.66,69,71
SSD NVMe 3277GB,SSD,NVMe,3277,2026-05-01,1499.0,1513.57,7,9
SSD NVMe 32GB,SSD,NVMe,32,2025-09-01,34.99,34.99,13,24
SSD NVMe 32GB,SSD,NVMe,32,2025-10-01,28.49,29.54,50,51
SSD NVMe 32GB,SSD,NVMe,32,2025-11-01,31.49,31.18,92,98
SSD NVMe 32GB,SSD,NVMe,32,2025-12-01,28.34,28.31,138,139
SSD NVMe 32GB,SSD,NVMe,32,2026-01-01,24.69,27.58,177,178
SSD NVMe 32GB,SSD,NVMe,32,2026-02-01,27.89,28.93,175,178
SSD NVMe 32GB,SSD,NVMe,32,2026-03-01,29.92,30.17,287,302
SSD NVMe 32GB,SSD,NVMe,32,2026-04-01,31.69,31.49,268,283
SSD NVMe 32GB,SSD,NVMe,32,2026-05-01,31.69,30.19,57,58
SSD NVMe 375GB,SSD,NVMe,375,2025-09-01,142.8,142.98,24,30
SSD NVMe 375GB,SSD,NVMe,375,2025-10-01,125.0,134.41,59,59
SSD NVMe 375GB,SSD,NVMe,375,2025-11-01,163.9,151.35,52,52
SSD NVMe 375GB,SSD,NVMe,375,2025-12-01,205.62,205.62,13,20
SSD NVMe 375GB,SSD,NVMe,375,2026-01-01,138.0,138.16,37,55
SSD NVMe 375GB,SSD,NVMe,375,2026-02-01,165.6,158.99,110,116
SSD NVMe 375GB,SSD,NVMe,375,2026-03-01,152.72,154.8,53,66
SSD NVMe 375GB,SSD,NVMe,375,2026-04-01,162.88,160.92,73,76
SSD NVMe 375GB,SSD,NVMe,375,2026-05-01,165.6,166.35,27,27
SSD NVMe 4000GB,SSD,NVMe,4000,2025-09-01,249.95,280.33,349,382
SSD NVMe 4000GB,SSD,NVMe,4000,2025-10-01,249.95,263.18,597,650
SSD NVMe 4000GB,SSD,NVMe,4000,2025-11-01,319.99,324.76,625,655
SSD NVMe 4000GB,SSD,NVMe,4000,2025-12-01,350.0,361.81,943,1008
SSD NVMe 4000GB,SSD,NVMe,4000,2026-01-01,489.95,512.27,487,517
SSD NVMe 4000GB,SSD,NVMe,4000,2026-02-01,549.99,556.39,463,575
SSD NVMe 4000GB,SSD,NVMe,4000,2026-03-01,449.99,432.87,799,811
SSD NVMe 4000GB,SSD,NVMe,4000,2026-04-01,529.99,458.82,891,913
SSD NVMe 4000GB,SSD,NVMe,4000,2026-05-01,599.0,615.94,131,182
SSD NVMe 400GB,SSD,NVMe,400,2025-09-01,310.0,309.26,23,41
SSD NVMe 400GB,SSD,NVMe,400,2025-10-01,305.0,364.44,108,108
SSD NVMe 400GB,SSD,NVMe,400,2025-11-01,312.8,326.92,74,113
SSD NVMe 400GB,SSD,NVMe,400,2025-12-01,330.13,290.76,36,36
SSD NVMe 400GB,SSD,NVMe,400,2026-01-01,332.88,331.75,39,42
SSD NVMe 400GB,SSD,NVMe,400,2026-02-01,199.99,259.51,41,41
SSD NVMe 400GB,SSD,NVMe,400,2026-03-01,159.99,274.45,85,85
SSD NVMe 400GB,SSD,NVMe,400,2026-04-01,144.99,141.65,44,49
SSD NVMe 400GB,SSD,NVMe,400,2026-05-01,159.99,155.87,17,25
SSD NVMe 500GB,SSD,NVMe,500,2025-09-01,42.99,45.45,735,814
SSD NVMe 500GB,SSD,NVMe,500,2025-10-01,42.99,47.55,1314,1477
SSD NVMe 500GB,SSD,NVMe,500,2025-11-01,55.95,66.46,1084,1166
SSD NVMe 500GB,SSD,NVMe,500,2025-12-01,65.98,73.57,1169,1248
SSD NVMe 500GB,SSD,NVMe,500,2026-01-01,89.99,94.33,919,982
SSD NVMe 500GB,SSD,NVMe,500,2026-02-01,92.98,104.61,1506,1576
SSD NVMe 500GB,SSD,NVMe,500,2026-03-01,99.99,114.58,1666,1727
SSD NVMe 500GB,SSD,NVMe,500,2026-04-01,99.99,112.92,2049,2122
SSD NVMe 500GB,SSD,NVMe,500,2026-05-01,99.98,115.32,484,513
SSD NVMe 6000GB,SSD,NVMe,6000,2025-09-01,642.88,788.42,9,9
SSD NVMe 6000GB,SSD,NVMe,6000,2025-10-01,642.88,681.19,81,100
SSD NVMe 6000GB,SSD,NVMe,6000,2025-11-01,699.0,815.75,69,76
SSD NVMe 6000GB,SSD,NVMe,6000,2025-12-01,859.99,922.04,80,80
SSD NVMe 6000GB,SSD,NVMe,6000,2026-01-01,1328.28,1409.76,28,28
SSD NVMe 6000GB,SSD,NVMe,6000,2026-02-01,1317.42,1166.19,31,31
SSD NVMe 6000GB,SSD,NVMe,6000,2026-03-01,1200.0,1400.57,33,33
SSD NVMe 6000GB,SSD,NVMe,6000,2026-04-01,1499.99,1499.99,6,9
SSD NVMe 6000GB,SSD,NVMe,6000,2026-05-01,990.0,1122.53,17,17
SSD NVMe 61440GB,SSD,NVMe,61440,2025-12-01,6500.0,6500.0,17,17
SSD NVMe 62915GB,SSD,NVMe,62915,2025-12-01,4648.0,4648.0,5,5
SSD NVMe 62915GB,SSD,NVMe,62915,2026-03-01,12190.0,12532.5,8,8
SSD NVMe 64GB,SSD,NVMe,64,2025-09-01,63.0,63.0,3,3
SSD NVMe 64GB,SSD,NVMe,64,2025-10-01,739.99,491.86,19,20
SSD NVMe 64GB,SSD,NVMe,64,2025-11-01,68.88,69.9,7,9
SSD NVMe 64GB,SSD,NVMe,64,2025-12-01,85.0,78.95,10,11
SSD NVMe 64GB,SSD,NVMe,64,2026-01-01,108.0,112.21,19,24
SSD NVMe 64GB,SSD,NVMe,64,2026-02-01,118.0,137.33,15,15
SSD NVMe 64GB,SSD,NVMe,64,2026-03-01,70.97,73.09,70,71
SSD NVMe 64GB,SSD,NVMe,64,2026-04-01,34.14,58.36,28,28
SSD NVMe 64GB,SSD,NVMe,64,2026-05-01,139.65,139.1,3,3
SSD NVMe 6GB,SSD,NVMe,6,2025-11-01,18.0,18.0,6,6
SSD NVMe 6GB,SSD,NVMe,6,2026-01-01,18.0,25.33,3,3
SSD NVMe 6GB,SSD,NVMe,6,2026-02-01,39.99,39.99,3,5
SSD NVMe 6GB,SSD,NVMe,6,2026-03-01,29.0,27.89,18,21
SSD NVMe 6GB,SSD,NVMe,6,2026-04-01,29.0,29.0,19,19
SSD NVMe 6GB,SSD,NVMe,6,2026-05-01,29.0,29.0,4,4
SSD NVMe 750GB,SSD,NVMe,750,2025-10-01,300.0,314.32,32,32
SSD NVMe 750GB,SSD,NVMe,750,2025-11-01,273.12,445.76,11,11
SSD NVMe 750GB,SSD,NVMe,750,2026-01-01,350.0,330.31,13,13
SSD NVMe 750GB,SSD,NVMe,750,2026-02-01,350.0,362.47,13,13
SSD NVMe 750GB,SSD,NVMe,750,2026-04-01,1099.0,1065.67,12,14
SSD NVMe 8000GB,SSD,NVMe,8000,2025-09-01,799.99,911.67,50,50
SSD NVMe 8000GB,SSD,NVMe,8000,2025-10-01,579.99,724.92,182,182
SSD NVMe 8000GB,SSD,NVMe,8000,2025-11-01,629.0,682.15,188,210
SSD NVMe 8000GB,SSD,NVMe,8000,2025-12-01,739.0,782.41,164,198
SSD NVMe 8000GB,SSD,NVMe,8000,2026-01-01,1049.0,1043.8,103,108
SSD NVMe 8000GB,SSD,NVMe,8000,2026-02-01,950.0,914.87,53,59
SSD NVMe 8000GB,SSD,NVMe,8000,2026-03-01,531.0,731.53,125,129
SSD NVMe 8000GB,SSD,NVMe,8000,2026-04-01,1200.0,1201.35,143,149
SSD NVMe 8000GB,SSD,NVMe,8000,2026-05-01,1110.0,1057.12,34,38
SSD NVMe 800GB,SSD,NVMe,800,2025-09-01,89.99,174.67,7,7
SSD NVMe 800GB,SSD,NVMe,800,2025-10-01,276.9,294.65,37,49
SSD NVMe 800GB,SSD,NVMe,800,2025-11-01,229.0,224.8,59,61
SSD NVMe 800GB,SSD,NVMe,800,2025-12-01,129.99,195.75,89,89
SSD NVMe 800GB,SSD,NVMe,800,2026-01-01,94.99,160.69,48,54
SSD NVMe 800GB,SSD,NVMe,800,2026-02-01,229.0,195.87,52,60
SSD NVMe 800GB,SSD,NVMe,800,2026-03-01,229.0,244.55,68,78
SSD NVMe 800GB,SSD,NVMe,800,2026-04-01,229.0,232.7,55,71
SSD NVMe 800GB,SSD,NVMe,800,2026-05-01,229.0,234.19,10,12
SSD NVMe 8GB,SSD,NVMe,8,2025-10-01,299.99,299.99,5,5
SSD NVMe 94208GB,SSD,NVMe,94208,2025-11-01,98.0,98.0,10,10
SSD NVMe 94208GB,SSD,NVMe,94208,2025-12-01,98.0,98.0,8,8
SSD NVMe 983040GB,SSD,NVMe,983040,2026-01-01,194.0,227.85,13,13
SSD PCIe 1000GB,SSD,PCIe,1000,2025-12-01,199.99,199.99,5,5
SSD PCIe 16000GB,SSD,PCIe,16000,2025-12-01,1100.0,1066.67,3,3
SSD PCIe 500GB,SSD,PCIe,500,2025-12-01,80.0,80.0,4,4
SSD SATA 1000GB,SSD,SATA,1000,2025-09-01,64.0,67.88,388,409
SSD SATA 1000GB,SSD,SATA,1000,2025-10-01,68.0,73.85,956,1086
SSD SATA 1000GB,SSD,SATA,1000,2025-11-01,89.99,91.1,1014,1134
SSD SATA 1000GB,SSD,SATA,1000,2025-12-01,145.04,129.3,1766,1868
SSD SATA 1000GB,SSD,SATA,1000,2026-01-01,148.76,161.52,690,726
SSD SATA 1000GB,SSD,SATA,1000,2026-02-01,172.09,188.46,1014,1054
SSD SATA 1000GB,SSD,SATA,1000,2026-03-01,179.99,237.11,728,744
SSD SATA 1000GB,SSD,SATA,1000,2026-04-01,219.99,254.55,1184,1198
SSD SATA 1000GB,SSD,SATA,1000,2026-05-01,200.99,257.91,290,305
SSD SATA 100GB,SSD,SATA,100,2026-05-01,40.0,40.0,6,6
SSD SATA 1229GB,SSD,SATA,1229,2025-12-01,330.2,260.1,3,3
SSD SATA 1229GB,SSD,SATA,1229,2026-01-01,180.0,161.49,18,20
SSD SATA 1229GB,SSD,SATA,1229,2026-02-01,354.5,354.5,4,4
SSD SATA 128GB,SSD,SATA,128,2025-09-01,49.99,61.67,247,262
SSD SATA 128GB,SSD,SATA,128,2025-10-01,44.95,64.96,456,486
SSD SATA 128GB,SSD,SATA,128,2025-11-01,25.96,40.54,525,571
SSD SATA 128GB,SSD,SATA,128,2025-12-01,19.99,24.46,437,562
SSD SATA 128GB,SSD,SATA,128,2026-01-01,39.95,72.41,309,344
SSD SATA 128GB,SSD,SATA,128,2026-02-01,39.95,65.72,508,540
SSD SATA 128GB,SSD,SATA,128,2026-03-01,39.95,71.01,591,624
SSD SATA 128GB,SSD,SATA,128,2026-04-01,45.0,68.64,497,515
SSD SATA 128GB,SSD,SATA,128,2026-05-01,30.0,58.24,152,163
SSD SATA 12GB,SSD,SATA,12,2025-09-01,129.88,129.88,28,28
SSD SATA 12GB,SSD,SATA,12,2025-10-01,129.88,129.88,52,52
SSD SATA 12GB,SSD,SATA,12,2025-11-01,149.88,148.28,25,25
SSD SATA 12GB,SSD,SATA,12,2025-12-01,169.88,169.88,61,63
SSD SATA 12GB,SSD,SATA,12,2026-01-01,161.39,132.17,61,61
SSD SATA 12GB,SSD,SATA,12,2026-02-01,161.39,161.06,50,69
SSD SATA 12GB,SSD,SATA,12,2026-03-01,161.39,157.12,51,60
SSD SATA 12GB,SSD,SATA,12,2026-04-01,161.39,161.39,38,54
SSD SATA 150GB,SSD,SATA,150,2025-10-01,29.3,29.3,8,8
SSD SATA 150GB,SSD,SATA,150,2025-11-01,35.42,35.58,42,44
SSD SATA 150GB,SSD,SATA,150,2026-01-01,55.25,55.25,9,9
SSD SATA 150GB,SSD,SATA,150,2026-02-01,99.0,97.63,46,57
SSD SATA 150GB,SSD,SATA,150,2026-03-01,33.17,62.32,13,13
SSD SATA 16000GB,SSD,SATA,16000,2026-04-01,524.87,524.87,4,4
SSD SATA 160GB,SSD,SATA,160,2025-09-01,24.43,24.43,12,12
SSD SATA 160GB,SSD,SATA,160,2025-10-01,24.43,24.43,20,21
SSD SATA 160GB,SSD,SATA,160,2025-11-01,27.98,26.98,22,22
SSD SATA 160GB,SSD,SATA,160,2025-12-01,25.98,31.52,43,43
SSD SATA 160GB,SSD,SATA,160,2026-01-01,29.98,41.46,40,40
SSD SATA 160GB,SSD,SATA,160,2026-02-01,30.99,30.61,27,27
SSD SATA 160GB,SSD,SATA,160,2026-03-01,54.59,54.59,9,11
SSD SATA 160GB,SSD,SATA,160,2026-04-01,29.95,37.77,42,42
SSD SATA 160GB,SSD,SATA,160,2026-05-01,25.94,25.94,7,7
SSD SATA 1638GB,SSD,SATA,1638,2025-09-01,149.99,149.99,5,5
SSD SATA 1638GB,SSD,SATA,1638,2025-10-01,299.0,299.0,15,16
SSD SATA 1638GB,SSD,SATA,1638,2025-12-01,181.5,225.02,27,27
SSD SATA 1638GB,SSD,SATA,1638,2026-01-01,181.5,207.27,41,41
SSD SATA 1638GB,SSD,SATA,1638,2026-02-01,299.0,299.0,33,33
SSD SATA 1638GB,SSD,SATA,1638,2026-04-01,369.0,369.0,7,7
SSD SATA 1638GB,SSD,SATA,1638,2026-05-01,338.0,338.0,6,6
SSD SATA 16GB,SSD,SATA,16,2025-10-01,8.4,8.4,25,25
SSD SATA 16GB,SSD,SATA,16,2025-12-01,15.0,15.0,8,8
SSD SATA 16GB,SSD,SATA,16,2026-02-01,57.02,57.02,4,4
SSD SATA 16GB,SSD,SATA,16,2026-03-01,18.8,18.8,15,15
SSD SATA 16GB,SSD,SATA,16,2026-04-01,64.99,64.99,6,8
SSD SATA 2000GB,SSD,SATA,2000,2025-09-01,121.59,152.83,189,204
SSD SATA 2000GB,SSD,SATA,2000,2025-10-01,168.77,162.99,412,432
SSD SATA 2000GB,SSD,SATA,2000,2025-11-01,159.99,186.11,400,406
SSD SATA 2000GB,SSD,SATA,2000,2025-12-01,193.99,210.18,325,366
SSD SATA 2000GB,SSD,SATA,2000,2026-01-01,299.0,329.37,243,277
SSD SATA 2000GB,SSD,SATA,2000,2026-02-01,449.99,552.16,322,322
SSD SATA 2000GB,SSD,SATA,2000,2026-03-01,369.0,418.31,437,438
SSD SATA 2000GB,SSD,SATA,2000,2026-04-01,249.99,313.88,281,294
SSD SATA 2000GB,SSD,SATA,2000,2026-05-01,384.49,354.88,79,91
SSD SATA 200GB,SSD,SATA,200,2025-09-01,59.95,59.95,7,7
SSD SATA 200GB,SSD,SATA,200,2025-11-01,350.0,350.0,10,10
SSD SATA 200GB,SSD,SATA,200,2025-12-01,350.0,273.36,33,33
SSD SATA 200GB,SSD,SATA,200,2026-01-01,350.0,350.0,21,22
SSD SATA 200GB,SSD,SATA,200,2026-02-01,350.0,350.0,32,34
SSD SATA 200GB,SSD,SATA,200,2026-03-01,350.0,266.77,48,48
SSD SATA 200GB,SSD,SATA,200,2026-04-01,350.0,350.0,30,36
SSD SATA 200GB,SSD,SATA,200,2026-05-01,350.0,350.0,7,7
SSD SATA 224GB,SSD,SATA,224,2026-05-01,29.99,29.99,3,3
SSD SATA 256GB,SSD,SATA,256,2025-09-01,34.52,75.98,477,477
SSD SATA 256GB,SSD,SATA,256,2025-10-01,34.99,74.23,1330,1339
SSD SATA 256GB,SSD,SATA,256,2025-11-01,39.99,68.2,1094,1147
SSD SATA 256GB,SSD,SATA,256,2025-12-01,44.99,82.01,1057,1072
SSD SATA 256GB,SSD,SATA,256,2026-01-01,59.87,86.96,925,944
SSD SATA 256GB,SSD,SATA,256,2026-02-01,67.99,91.99,1264,1275
SSD SATA 256GB,SSD,SATA,256,2026-03-01,79.99,100.85,1309,1334
SSD SATA 256GB,SSD,SATA,256,2026-04-01,106.62,122.64,1008,1043
SSD SATA 256GB,SSD,SATA,256,2026-05-01,102.5,125.9,196,196
SSD SATA 300GB,SSD,SATA,300,2025-11-01,49.99,55.31,32,32
SSD SATA 300GB,SSD,SATA,300,2025-12-01,59.84,59.84,8,12
SSD SATA 300GB,SSD,SATA,300,2026-01-01,49.99,49.99,8,10
SSD SATA 300GB,SSD,SATA,300,2026-03-01,52.5,52.5,17,17
SSD SATA 30GB,SSD,SATA,30,2025-09-01,49.99,49.99,14,14
SSD SATA 30GB,SSD,SATA,30,2025-10-01,49.99,49.99,29,29
SSD SATA 30GB,SSD,SATA,30,2025-11-01,49.99,49.99,27,27
SSD SATA 30GB,SSD,SATA,30,2025-12-01,49.99,49.99,26,26
SSD SATA 30GB,SSD,SATA,30,2026-01-01,49.99,49.99,23,23
SSD SATA 30GB,SSD,SATA,30,2026-02-01,49.99,49.99,28,28
SSD SATA 30GB,SSD,SATA,30,2026-03-01,49.99,49.99,31,31
SSD SATA 30GB,SSD,SATA,30,2026-04-01,49.99,49.99,31,31
SSD SATA 30GB,SSD,SATA,30,2026-05-01,49.99,49.99,7,7
SSD SATA 320GB,SSD,SATA,320,2025-10-01,9.3,9.3,3,4
SSD SATA 320GB,SSD,SATA,320,2025-11-01,9.3,9.3,9,13
SSD SATA 320GB,SSD,SATA,320,2025-12-01,18.8,28.73,45,45
SSD SATA 320GB,SSD,SATA,320,2026-01-01,18.88,18.88,9,13
SSD SATA 320GB,SSD,SATA,320,2026-02-01,45.88,45.88,8,10
SSD SATA 320GB,SSD,SATA,320,2026-03-01,17.94,16.17,21,21
SSD SATA 320GB,SSD,SATA,320,2026-04-01,23.0,33.5,24,24
SSD SATA 320GB,SSD,SATA,320,2026-05-01,13.7,26.52,7,7
SSD SATA 32GB,SSD,SATA,32,2025-09-01,71.99,58.52,26,26
SSD SATA 32GB,SSD,SATA,32,2025-10-01,39.99,51.36,47,47
SSD SATA 32GB,SSD,SATA,32,2025-11-01,39.99,51.59,35,35
SSD SATA 32GB,SSD,SATA,32,2025-12-01,54.94,58.84,12,12
SSD SATA 32GB,SSD,SATA,32,2026-01-01,69.85,57.7,36,36
SSD SATA 32GB,SSD,SATA,32,2026-02-01,39.99,28.39,56,73
SSD SATA 32GB,SSD,SATA,32,2026-03-01,39.99,101.12,110,110
SSD SATA 32GB,SSD,SATA,32,2026-04-01,19.99,24.63,102,119
SSD SATA 32GB,SSD,SATA,32,2026-05-01,19.99,23.69,23,30
SSD SATA 360GB,SSD,SATA,360,2025-11-01,25.0,25.0,7,8
SSD SATA 360GB,SSD,SATA,360,2025-12-01,25.0,25.0,8,10
SSD SATA 4000GB,SSD,SATA,4000,2025-09-01,220.0,208.98,57,61
SSD SATA 4000GB,SSD,SATA,4000,2025-10-01,239.99,240.83,127,130
SSD SATA 4000GB,SSD,SATA,4000,2025-11-01,239.0,248.28,157,188
SSD SATA 4000GB,SSD,SATA,4000,2025-12-01,329.99,316.15,190,194
SSD SATA 4000GB,SSD,SATA,4000,2026-01-01,298.97,392.07,102,105
SSD SATA 4000GB,SSD,SATA,4000,2026-02-01,350.0,467.15,137,139
SSD SATA 4000GB,SSD,SATA,4000,2026-03-01,379.99,615.16,154,159
SSD SATA 4000GB,SSD,SATA,4000,2026-04-01,500.0,682.07,95,103
SSD SATA 4000GB,SSD,SATA,4000,2026-05-01,350.0,444.26,51,58
SSD SATA 400GB,SSD,SATA,400,2025-11-01,149.99,149.99,8,8
SSD SATA 400GB,SSD,SATA,400,2025-12-01,149.99,149.99,7,8
SSD SATA 400GB,SSD,SATA,400,2026-02-01,114.0,114.0,11,13
SSD SATA 400GB,SSD,SATA,400,2026-03-01,114.0,155.1,20,20
SSD SATA 500GB,SSD,SATA,500,2025-09-01,36.99,40.28,483,506
SSD SATA 500GB,SSD,SATA,500,2025-10-01,39.99,41.93,1072,1255
SSD SATA 500GB,SSD,SATA,500,2025-11-01,44.99,45.37,1207,1361
SSD SATA 500GB,SSD,SATA,500,2025-12-01,61.49,68.6,1139,1242
SSD SATA 500GB,SSD,SATA,500,2026-01-01,100.0,106.89,758,816
SSD SATA 500GB,SSD,SATA,500,2026-02-01,90.0,102.81,886,981
SSD SATA 500GB,SSD,SATA,500,2026-03-01,93.99,103.94,989,1124
SSD SATA 500GB,SSD,SATA,500,2026-04-01,129.98,133.37,994,1006
SSD SATA 500GB,SSD,SATA,500,2026-05-01,124.13,143.89,250,254
SSD SATA 6000GB,SSD,SATA,6000,2025-09-01,119.99,119.99,3,3
SSD SATA 600GB,SSD,SATA,600,2026-01-01,136.8,136.8,15,15
SSD SATA 60GB,SSD,SATA,60,2025-09-01,40.0,40.0,8,8
SSD SATA 60GB,SSD,SATA,60,2025-10-01,40.0,40.0,30,30
SSD SATA 60GB,SSD,SATA,60,2025-11-01,40.0,40.0,23,23
SSD SATA 60GB,SSD,SATA,60,2025-12-01,40.0,34.8,33,33
SSD SATA 60GB,SSD,SATA,60,2026-01-01,40.0,40.0,24,26
SSD SATA 60GB,SSD,SATA,60,2026-02-01,40.0,40.0,18,18
SSD SATA 60GB,SSD,SATA,60,2026-03-01,40.0,40.0,31,31
SSD SATA 60GB,SSD,SATA,60,2026-04-01,40.0,40.0,30,30
SSD SATA 60GB,SSD,SATA,60,2026-05-01,40.0,40.0,7,7
SSD SATA 64GB,SSD,SATA,64,2025-09-01,18.61,21.68,27,29
SSD SATA 64GB,SSD,SATA,64,2025-10-01,24.99,24.02,88,110
SSD SATA 64GB,SSD,SATA,64,2025-11-01,25.0,24.67,86,100
SSD SATA 64GB,SSD,SATA,64,2025-12-01,24.99,24.64,102,127
SSD SATA 64GB,SSD,SATA,64,2026-01-01,27.49,41.8,90,90
SSD SATA 64GB,SSD,SATA,64,2026-02-01,84.88,60.16,56,56
SSD SATA 64GB,SSD,SATA,64,2026-03-01,73.5,61.61,75,84
SSD SATA 64GB,SSD,SATA,64,2026-04-01,50.0,55.32,84,107
SSD SATA 64GB,SSD,SATA,64,2026-05-01,50.0,60.07,15,18
SSD SATA 66GB,SSD,SATA,66,2026-04-01,79.99,79.99,7,7
SSD SATA 6GB,SSD,SATA,6,2025-09-01,34.0,123.87,42,42
SSD SATA 6GB,SSD,SATA,6,2025-10-01,35.04,49.8,125,155
SSD SATA 6GB,SSD,SATA,6,2025-11-01,34.0,39.98,178,212
SSD SATA 6GB,SSD,SATA,6,2025-12-01,34.0,37.07,173,200
SSD SATA 6GB,SSD,SATA,6,2026-01-01,35.99,29.36,162,183
SSD SATA 6GB,SSD,SATA,6,2026-02-01,25.07,24.62,147,174
SSD SATA 6GB,SSD,SATA,6,2026-03-01,36.98,77.63,183,200
SSD SATA 6GB,SSD,SATA,6,2026-04-01,35.13,88.0,180,190
SSD SATA 6GB,SSD,SATA,6,2026-05-01,16.99,24.01,42,49
SSD SATA 750GB,SSD,SATA,750,2025-11-01,29.99,40.95,3,3
SSD SATA 750GB,SSD,SATA,750,2025-12-01,74.0,74.0,7,9
SSD SATA 750GB,SSD,SATA,750,2026-01-01,20.89,20.89,8,8
SSD SATA 750GB,SSD,SATA,750,2026-02-01,20.89,37.63,31,31
SSD SATA 750GB,SSD,SATA,750,2026-03-01,59.0,59.0,21,37
SSD SATA 750GB,SSD,SATA,750,2026-04-01,20.89,20.89,12,13
SSD SATA 750GB,SSD,SATA,750,2026-05-01,20.89,20.89,7,7
SSD SATA 8000GB,SSD,SATA,8000,2025-09-01,775.0,775.0,6,8
SSD SATA 8000GB,SSD,SATA,8000,2025-10-01,875.0,819.24,64,64
SSD SATA 8000GB,SSD,SATA,8000,2025-11-01,879.0,879.0,19,25
SSD SATA 8000GB,SSD,SATA,8000,2025-12-01,774.42,774.44,18,23
SSD SATA 8000GB,SSD,SATA,8000,2026-01-01,839.0,865.67,9,15
SSD SATA 8000GB,SSD,SATA,8000,2026-02-01,1492.83,1492.83,5,6
SSD SATA 8000GB,SSD,SATA,8000,2026-03-01,499.0,549.94,36,38
SSD SATA 8000GB,SSD,SATA,8000,2026-04-01,750.0,1719.91,19,19
SSD SATA 8000GB,SSD,SATA,8000,2026-05-01,1399.99,2507.27,11,11
SSD SATA 800GB,SSD,SATA,800,2025-09-01,53.8,54.52,22,22
SSD SATA 800GB,SSD,SATA,800,2025-10-01,62.3,59.86,28,28
SSD SATA 800GB,SSD,SATA,800,2025-11-01,81.48,77.28,48,51
SSD SATA 800GB,SSD,SATA,800,2025-12-01,148.34,148.34,7,12
SSD SATA 800GB,SSD,SATA,800,2026-01-01,130.47,135.65,17,17
SSD SATA 800GB,SSD,SATA,800,2026-02-01,205.0,197.38,21,29
SSD SATA 800GB,SSD,SATA,800,2026-03-01,89.99,134.62,30,32
SSD SATA 800GB,SSD,SATA,800,2026-04-01,189.0,188.67,21,21
SSD SATA 800GB,SSD,SATA,800,2026-05-01,178.0,178.0,7,7
SSD SATA 80GB,SSD,SATA,80,2025-09-01,61.19,47.53,28,28
SSD SATA 80GB,SSD,SATA,80,2025-10-01,22.95,22.95,24,25
SSD SATA 80GB,SSD,SATA,80,2025-11-01,22.95,22.95,31,31
SSD SATA 80GB,SSD,SATA,80,2026-05-01,30.0,30.0,14,14
SSD SATA 8GB,SSD,SATA,8,2025-09-01,44.99,44.99,7,7
SSD SATA 8GB,SSD,SATA,8,2025-10-01,44.99,44.99,14,14
SSD SATA 8GB,SSD,SATA,8,2025-11-01,44.99,44.99,23,23
SSD SATA 8GB,SSD,SATA,8,2025-12-01,44.99,44.99,22,22
SSD SATA 8GB,SSD,SATA,8,2026-01-01,24.99,30.7,7,7
SSD SATA 8GB,SSD,SATA,8,2026-02-01,24.99,24.99,21,21
SSD SATA 8GB,SSD,SATA,8,2026-03-01,24.99,24.99,24,24
SSD SATA 8GB,SSD,SATA,8,2026-04-01,24.99,24.99,30,30
SSD SATA 8GB,SSD,SATA,8,2026-05-01,24.99,24.99,4,4
SSD SATA 94208GB,SSD,SATA,94208,2026-03-01,225.0,225.0,11,11
