chipset,month,real_median_price,real_mean_price,sample_size,raw_sample_size
GTX 1050,2025-12-01,165.95,188.17,74,74
GTX 1050,2026-01-01,296.0,224.0,158,158
GTX 1050,2026-02-01,165.95,215.97,142,142
GTX 1050,2026-03-01,135.9,141.13,45,45
GTX 1050,2026-04-01,165.95,160.03,94,94
GTX 1050,2026-05-01,150.67,153.07,22,22
GTX 1050 Ti,2025-09-01,165.37,185.63,116,128
GTX 1050 Ti,2025-10-01,229.7,215.55,345,362
GTX 1050 Ti,2025-11-01,185.97,190.25,233,289
GTX 1050 Ti,2025-12-01,79.88,115.07,201,219
GTX 1050 Ti,2026-01-01,169.95,155.17,23,23
GTX 1050 Ti,2026-02-01,169.95,159.02,28,28
GTX 1050 Ti,2026-03-01,169.95,169.95,29,38
GTX 1050 Ti,2026-04-01,236.2,204.1,59,59
GTX 1050 Ti,2026-05-01,169.95,169.95,6,6
GTX 1060,2025-09-01,300.0,332.7,43,53
GTX 1060,2025-10-01,296.82,295.01,103,131
GTX 1060,2025-11-01,285.22,233.0,113,113
GTX 1060,2025-12-01,259.95,238.98,184,184
GTX 1060,2026-01-01,259.95,240.8,204,204
GTX 1060,2026-02-01,300.0,283.58,369,369
GTX 1060,2026-03-01,259.95,246.15,272,272
GTX 1060,2026-04-01,269.95,263.02,309,309
GTX 1060,2026-05-01,269.95,274.13,98,98
GTX 1070,2025-09-01,193.8,193.86,37,38
GTX 1070,2025-10-01,193.8,193.86,86,88
GTX 1070,2025-11-01,204.0,200.55,90,90
GTX 1070,2025-12-01,193.8,193.86,27,27
GTX 1070 Ti,2025-12-01,350.0,362.12,33,33
GTX 1070 Ti,2026-01-01,350.0,361.7,47,47
GTX 1070 Ti,2026-02-01,362.5,362.5,56,56
GTX 1070 Ti,2026-03-01,375.0,363.1,63,63
GTX 1070 Ti,2026-04-01,362.5,362.5,60,80
GTX 1070 Ti,2026-05-01,350.0,292.0,21,21
GTX 1080,2025-09-01,349.99,349.99,152,176
GTX 1080,2025-10-01,349.99,456.9,169,169
GTX 1080,2025-11-01,879.43,799.65,57,57
GTX 1080,2025-12-01,725.38,765.93,33,33
GTX 1080,2026-01-01,721.14,724.48,22,26
GTX 1080,2026-02-01,730.85,731.91,28,32
GTX 1080,2026-03-01,730.32,731.31,24,31
GTX 1080,2026-04-01,690.02,688.94,30,30
GTX 1080,2026-05-01,735.15,734.36,7,7
GTX 1080 Ti,2025-09-01,399.0,399.0,15,15
GTX 1080 Ti,2025-10-01,399.0,399.0,350,353
GTX 1080 Ti,2025-11-01,399.0,399.0,475,476
GTX 1080 Ti,2025-12-01,557.89,490.07,266,266
GTX 1080 Ti,2026-01-01,1283.91,1286.68,170,220
GTX 1080 Ti,2026-02-01,1294.9,1296.78,280,280
GTX 1080 Ti,2026-03-01,1293.29,1293.73,269,309
GTX 1080 Ti,2026-04-01,1273.75,1273.75,20,20
GTX 1650,2025-09-01,182.99,181.7,582,752
GTX 1650,2025-10-01,182.99,183.11,1033,1250
GTX 1650,2025-11-01,182.99,182.45,1034,1263
GTX 1650,2025-12-01,182.99,182.18,713,849
GTX 1650,2026-01-01,179.81,182.44,405,545
GTX 1650,2026-02-01,182.99,222.62,763,763
GTX 1650,2026-03-01,182.99,214.3,1367,1367
GTX 1650,2026-04-01,179.55,182.31,810,962
GTX 1650,2026-05-01,179.55,181.13,166,201
GTX 1650 Super,2025-10-01,145.0,145.0,18,18
GTX 1650 Super,2025-12-01,159.0,159.0,18,18
GTX 1650 Super,2026-01-01,159.0,159.0,21,21
GTX 1650 Super,2026-02-01,159.0,159.0,30,30
GTX 1650 Super,2026-03-01,159.0,159.0,31,31
GTX 1650 Super,2026-04-01,159.0,159.0,31,31
GTX 1650 Super,2026-05-01,159.0,159.0,7,7
GTX 1660,2025-11-01,149.99,149.99,13,13
GTX 1660,2025-12-01,199.95,227.96,82,82
GTX 1660,2026-01-01,199.95,225.71,126,126
GTX 1660,2026-02-01,216.6,226.21,124,124
GTX 1660,2026-03-01,199.95,216.23,158,158
GTX 1660,2026-04-01,199.95,204.76,120,120
GTX 1660,2026-05-01,232.13,214.02,75,75
GTX 1660 Super,2025-09-01,218.36,207.34,69,93
GTX 1660 Super,2025-10-01,215.77,207.52,130,198
GTX 1660 Super,2025-11-01,215.77,216.25,165,165
GTX 1660 Super,2025-12-01,421.98,413.21,377,377
GTX 1660 Super,2026-01-01,302.63,399.37,442,442
GTX 1660 Super,2026-02-01,295.0,398.24,725,725
GTX 1660 Super,2026-03-01,619.99,473.61,1497,1497
GTX 1660 Super,2026-04-01,349.82,407.05,774,774
GTX 1660 Super,2026-05-01,295.0,341.88,115,115
GTX 1660 Ti,2025-09-01,288.99,322.56,182,202
GTX 1660 Ti,2025-10-01,850.0,850.0,350,353
GTX 1660 Ti,2025-11-01,850.0,850.0,486,486
GTX 1660 Ti,2025-12-01,850.0,850.0,345,363
GTX 1660 Ti,2026-01-01,850.0,850.0,238,267
GTX 1660 Ti,2026-02-01,850.0,850.0,204,258
GTX 1660 Ti,2026-03-01,850.0,850.0,394,467
GTX 1660 Ti,2026-04-01,850.0,850.0,377,460
GTX 1660 Ti,2026-05-01,850.0,850.0,95,121
GTX 550 Ti,2025-12-01,40.0,40.0,22,22
GTX 550 Ti,2026-01-01,40.0,36.57,21,21
GTX 550 Ti,2026-02-01,32.0,35.43,28,28
GTX 550 Ti,2026-03-01,40.0,40.0,30,30
GTX 550 Ti,2026-04-01,40.0,40.0,29,29
GTX 550 Ti,2026-05-01,40.0,40.0,7,7
GTX 560,2025-09-01,100.0,100.0,12,12
GTX 560,2025-10-01,100.0,100.0,31,31
GTX 560,2025-11-01,100.0,100.0,30,30
GTX 560,2025-12-01,249.95,201.97,25,25
GTX 560,2026-01-01,249.95,249.95,21,21
GTX 560,2026-02-01,249.95,249.95,27,27
GTX 560,2026-03-01,249.95,249.95,30,30
GTX 560,2026-04-01,249.95,249.95,32,32
GTX 560,2026-05-01,249.95,249.95,7,7
GTX 570,2025-12-01,299.99,299.99,18,18
GTX 570,2026-01-01,299.99,299.99,22,22
GTX 570,2026-02-01,299.99,299.99,27,27
GTX 570,2026-03-01,299.99,299.99,30,30
GTX 570,2026-04-01,299.99,299.99,28,28
GTX 570,2026-05-01,299.99,299.99,8,8
GTX 580,2026-01-01,59.95,59.95,18,18
GTX 650,2025-12-01,200.0,200.0,12,12
GTX 650,2026-01-01,200.0,200.0,7,7
GTX 650,2026-02-01,200.0,200.0,28,28
GTX 650,2026-03-01,200.0,200.0,31,31
GTX 650,2026-04-01,200.0,200.0,25,25
GTX 650,2026-05-01,200.0,200.0,7,7
GTX 650 Ti,2025-10-01,48.0,53.08,26,26
GTX 660,2025-09-01,199.99,155.66,15,15
GTX 660,2025-10-01,133.5,133.49,62,62
GTX 660,2025-11-01,67.0,67.0,33,56
GTX 660,2025-12-01,67.0,59.84,19,19
GTX 680,2025-09-01,400.0,400.0,12,12
GTX 680,2025-10-01,400.0,400.0,27,27
GTX 680,2025-11-01,400.0,400.0,11,11
GTX 710,2025-12-01,101.18,101.28,4,4
GTX 745,2025-09-01,60.0,60.0,12,12
GTX 745,2025-10-01,60.0,60.0,29,29
GTX 745,2025-11-01,60.0,60.0,13,13
GTX 745,2026-01-01,54.68,54.68,21,21
GTX 745,2026-02-01,54.68,54.68,27,28
GTX 745,2026-03-01,54.68,54.68,29,29
GTX 745,2026-04-01,54.68,54.68,8,8
GTX 750,2025-09-01,103.2,102.22,21,24
GTX 750,2025-10-01,103.2,102.11,54,69
GTX 750,2025-11-01,88.0,94.75,43,52
GTX 750,2025-12-01,63.0,71.0,25,25
GTX 750,2026-01-01,63.0,63.0,22,22
GTX 750,2026-02-01,63.0,63.0,28,33
GTX 750,2026-03-01,60.0,61.02,47,47
GTX 750,2026-04-01,60.0,60.0,30,30
GTX 750,2026-05-01,60.0,60.0,7,7
GTX 750 Ti,2025-09-01,233.0,210.08,47,52
GTX 750 Ti,2025-10-01,233.0,197.37,72,72
GTX 750 Ti,2025-11-01,146.0,184.74,21,21
GTX 750 Ti,2025-12-01,122.03,126.92,21,21
GTX 750 Ti,2026-01-01,116.99,117.63,37,37
GTX 750 Ti,2026-02-01,125.11,123.0,27,27
GTX 760,2025-09-01,47.99,47.99,12,12
GTX 760,2025-10-01,40.0,40.0,6,7
GTX 760,2026-02-01,100.0,100.0,17,17
GTX 760,2026-03-01,100.0,100.0,23,23
GTX 770,2026-01-01,179.95,179.95,15,18
GTX 770,2026-02-01,149.95,149.95,22,28
GTX 770,2026-03-01,139.95,143.82,31,31
GTX 770,2026-04-01,139.95,130.62,30,30
GTX 770,2026-05-01,119.95,114.24,7,7
GTX 950,2025-09-01,279.99,279.99,12,12
GTX 950,2025-10-01,279.99,279.99,8,8
GTX 960,2025-09-01,49.99,49.99,12,12
GTX 960,2025-10-01,49.99,49.99,25,25
GTX 970,2025-10-01,210.0,210.0,10,10
GTX 970,2026-01-01,45.0,45.0,6,6
GTX 980,2025-10-01,499.43,499.43,18,18
GTX 980,2025-11-01,498.47,498.38,15,18
GTX 980,2025-12-01,507.46,507.14,14,17
GTX 980,2026-01-01,504.0,506.51,21,21
GTX 980,2026-02-01,511.6,512.17,29,29
GTX 980,2026-03-01,509.55,502.5,33,33
GTX 980,2026-04-01,485.03,483.03,41,41
GTX 980,2026-05-01,514.39,513.83,7,7
RTX 2060,2025-09-01,520.24,520.24,204,204
RTX 2060,2025-10-01,520.24,520.24,323,323
RTX 2070 Super,2025-12-01,450.0,450.0,15,15
RTX 2070 Super,2026-01-01,450.0,450.0,20,20
RTX 2070 Super,2026-02-01,450.0,450.0,8,8
RTX 2070 Super,2026-03-01,450.0,450.0,5,5
RTX 2070 Super,2026-04-01,450.0,450.0,29,29
RTX 2070 Super,2026-05-01,450.0,450.0,7,7
RTX 2080 Ti,2025-10-01,1650.0,1650.0,3,3
RTX 2080 Ti,2025-11-01,1340.0,1340.0,10,10
RTX 3050,2025-09-01,1213.22,821.54,418,418
RTX 3050,2025-10-01,1213.22,936.7,732,732
RTX 3050,2025-11-01,1213.22,939.95,550,550
RTX 3050,2025-12-01,377.99,762.33,298,298
RTX 3050,2026-01-01,271.65,289.49,222,222
RTX 3050,2026-02-01,410.58,376.91,57,57
RTX 3060,2025-09-01,386.3,386.3,204,217
RTX 3060,2025-10-01,393.9,394.0,610,610
RTX 3060,2025-11-01,400.39,397.6,212,212
RTX 3060,2025-12-01,359.17,357.18,3,3
RTX 3070,2025-09-01,649.99,649.99,15,15
RTX 3070,2025-10-01,649.99,569.99,51,51
RTX 3070,2025-11-01,649.99,649.99,194,223
RTX 3070,2025-12-01,725.0,781.08,154,154
RTX 3070,2026-01-01,725.0,725.0,150,197
RTX 3070,2026-02-01,725.0,702.08,108,158
RTX 3070,2026-03-01,725.0,725.0,172,271
RTX 3070,2026-04-01,725.0,801.71,409,409
RTX 3070,2026-05-01,725.0,849.11,196,196
RTX 3070 Ti,2025-12-01,350.0,350.0,10,10
RTX 3070 Ti,2026-01-01,350.0,350.0,19,19
RTX 3070 Ti,2026-02-01,350.0,350.0,15,15
RTX 3070 Ti,2026-03-01,350.0,350.0,6,6
RTX 3080,2025-09-01,599.0,579.44,59,59
RTX 3080,2025-10-01,599.0,557.32,119,119
RTX 3080,2025-11-01,599.0,571.04,141,141
RTX 3080,2025-12-01,566.99,568.38,145,145
RTX 3080,2026-01-01,640.0,674.14,91,91
RTX 3080,2026-02-01,736.0,691.82,129,129
RTX 3080,2026-03-01,776.99,776.05,255,340
RTX 3080,2026-04-01,776.99,776.99,413,568
RTX 3080,2026-05-01,734.8,720.03,38,38
RTX 3080 Ti,2025-09-01,2200.0,2200.0,12,12
RTX 3080 Ti,2025-10-01,2200.0,2200.0,31,31
RTX 3080 Ti,2025-11-01,2200.0,2200.0,32,32
RTX 3080 Ti,2025-12-01,2200.0,2200.0,11,11
RTX 3080 Ti,2026-01-01,827.99,818.47,21,21
RTX 3080 Ti,2026-02-01,809.99,809.99,36,36
RTX 3080 Ti,2026-03-01,791.99,809.79,49,51
RTX 3080 Ti,2026-04-01,791.99,791.99,16,16
RTX 3080 Ti,2026-05-01,879.99,879.99,5,5
RTX 3090,2025-09-01,1300.0,1300.0,16,16
RTX 3090,2025-10-01,1300.0,1300.0,23,23
RTX 3090,2026-03-01,2200.0,1900.0,13,13
RTX 4000,2025-09-01,1750.0,1766.86,1114,1114
RTX 4000,2025-10-01,1849.6,1808.57,2766,2786
RTX 4000,2025-11-01,1701.0,1760.1,2989,3019
RTX 4000,2025-12-01,1750.0,1766.84,1380,1394
RTX 4000,2026-01-01,1742.0,1719.57,990,1041
RTX 4000,2026-02-01,1841.0,1767.47,2883,2923
RTX 4000,2026-03-01,1750.0,1813.14,2026,2058
RTX 4000,2026-04-01,1942.76,1978.23,1619,1754
RTX 4000,2026-05-01,1977.0,2027.71,549,668
RTX 4060,2025-09-01,411.23,411.23,4,5
RTX 4060 Ti,2025-09-01,700.0,700.0,12,12
RTX 4060 Ti,2025-10-01,700.0,700.0,30,30
RTX 4060 Ti,2025-11-01,700.0,700.0,5,5
RTX 4090,2025-09-01,3533.46,3550.84,95,108
RTX 4090,2025-10-01,3580.0,3634.05,319,349
RTX 4090,2025-11-01,3759.0,3663.44,630,647
RTX 4090,2025-12-01,3578.0,3558.0,345,345
RTX 4090,2026-01-01,3580.0,3579.69,280,315
RTX 4090,2026-02-01,3580.0,3580.0,400,477
RTX 4090,2026-03-01,3580.0,3580.0,234,357
RTX 4090,2026-04-01,4550.0,4290.63,1288,1288
RTX 4090,2026-05-01,4550.0,4281.74,766,766
RTX 4500,2026-02-01,1455.0,1455.0,16,20
RTX 4500,2026-03-01,1425.0,1425.0,11,17
RTX 5050,2025-09-01,434.99,434.07,204,216
RTX 5050,2025-10-01,435.99,445.35,239,262
RTX 5050,2025-11-01,434.99,435.58,455,513
RTX 5050,2025-12-01,434.99,465.11,138,138
RTX 5050,2026-01-01,559.98,500.2,36,36
RTX 5050,2026-02-01,614.98,539.11,71,71
RTX 5050,2026-03-01,450.9,408.8,31,31
RTX 5050,2026-04-01,450.9,450.9,31,32
RTX 5050,2026-05-01,450.9,450.9,7,7
RTX 5060,2025-10-01,460.2,399.11,27,27
RTX 5060,2025-11-01,335.49,335.49,19,27
RTX 5060,2025-12-01,335.49,335.49,10,10
RTX 5070,2025-09-01,679.99,671.03,318,348
RTX 5070,2025-10-01,679.99,679.99,570,727
RTX 5070,2025-11-01,679.99,820.07,1065,1065
RTX 5070,2025-12-01,1022.97,919.0,677,677
RTX 5070,2026-01-01,1022.97,1022.97,382,382
RTX 5070,2026-02-01,1022.97,1022.97,337,337
RTX 5070,2026-03-01,1022.97,1022.97,377,377
RTX 5070,2026-04-01,1022.97,1022.97,559,560
RTX 5070,2026-05-01,1022.97,1022.97,133,142
RTX 5070 Ti,2025-09-01,1361.83,1361.75,219,244
RTX 5070 Ti,2025-10-01,1360.73,1360.73,495,678
RTX 5070 Ti,2025-11-01,1360.73,1382.19,814,890
RTX 5070 Ti,2025-12-01,1454.07,1435.5,286,305
RTX 5070 Ti,2026-03-01,425.0,425.0,7,7
RTX 5070 Ti,2026-04-01,389.0,399.94,31,37
RTX 5080,2025-09-01,2029.0,2149.75,3109,3109
RTX 5080,2025-10-01,2158.99,2278.86,6029,6029
RTX 5080,2025-11-01,2027.9,2210.1,7005,7006
RTX 5080,2025-12-01,2117.1,2194.69,2912,2912
RTX 5080,2026-01-01,2253.8,2247.4,1666,2651
RTX 5080,2026-02-01,2408.4,2468.4,1699,1958
RTX 5080,2026-03-01,2283.4,1955.71,1257,1257
RTX 5080,2026-04-01,2175.3,2018.16,1863,1863
RTX 5080,2026-05-01,2314.9,2384.53,336,343
RTX 5090,2025-09-01,2965.32,2965.32,44,73
RTX 5090,2025-10-01,4261.2,4243.18,20,30
RTX 5090,2025-11-01,3359.99,3626.46,92,92
RTX 5090,2025-12-01,3299.0,3292.34,357,645
RTX 5090,2026-01-01,3500.0,3607.8,259,299
RTX 5090,2026-02-01,3500.0,3500.0,134,173
RTX 5090,2026-03-01,6290.64,6540.37,465,468
RTX 5090,2026-04-01,5999.99,5660.06,812,812
RTX 5090,2026-05-01,4500.0,4800.2,63,63
RX 460,2025-12-01,89.0,89.0,17,17
RX 460,2026-01-01,89.0,89.0,22,22
RX 460,2026-02-01,89.0,89.0,29,29
RX 460,2026-03-01,89.0,89.0,30,30
RX 460,2026-04-01,89.0,89.0,32,32
RX 460,2026-05-01,89.0,89.0,7,7
RX 470,2025-09-01,80.0,80.0,12,12
RX 470,2025-10-01,80.0,80.0,30,30
RX 470,2025-11-01,80.0,80.0,29,29
RX 470,2025-12-01,80.0,75.89,39,39
RX 470,2026-01-01,80.0,75.11,43,43
RX 470,2026-02-01,69.99,74.91,61,61
RX 470,2026-03-01,80.0,101.52,59,59
RX 470,2026-04-01,80.0,104.57,59,59
RX 470,2026-05-01,129.99,106.92,13,13
RX 480,2025-12-01,300.0,300.0,7,7
RX 480,2026-01-01,50.0,50.0,23,27
RX 480,2026-02-01,50.0,50.0,30,30
RX 480,2026-03-01,50.0,121.94,54,54
RX 480,2026-04-01,50.0,153.98,44,44
RX 480,2026-05-01,310.0,310.0,7,8
RX 550,2025-09-01,116.89,156.98,360,360
RX 550,2025-10-01,110.57,150.94,862,862
RX 550,2025-11-01,182.03,178.31,857,857
RX 550,2025-12-01,149.99,170.29,1142,1142
RX 550,2026-01-01,166.75,179.88,974,974
RX 550,2026-02-01,150.7,171.1,1005,1005
RX 550,2026-03-01,155.85,171.78,1306,1318
RX 550,2026-04-01,160.0,174.75,1303,1332
RX 550,2026-05-01,168.64,174.21,376,390
RX 5500,2025-10-01,185.27,185.27,38,38
RX 5500,2025-11-01,185.27,185.27,5,5
RX 5500,2026-02-01,258.99,258.99,8,8
RX 5500,2026-03-01,258.99,258.99,27,36
RX 5500,2026-04-01,258.99,263.74,63,74
RX 5500,2026-05-01,258.99,258.99,21,28
RX 5500 XT,2025-09-01,247.48,247.48,12,12
RX 5500 XT,2025-10-01,354.0,325.86,23,23
RX 5500 XT,2025-11-01,348.98,348.31,18,29
RX 5500 XT,2026-01-01,256.18,257.35,18,26
RX 5500 XT,2026-02-01,258.99,270.54,48,48
RX 5500 XT,2026-03-01,258.99,315.1,32,32
RX 5500 XT,2026-04-01,265.99,274.19,60,85
RX 5500 XT,2026-05-01,261.99,253.43,30,30
RX 560,2025-09-01,100.0,107.55,47,47
RX 560,2025-10-01,100.0,110.2,109,109
RX 560,2025-11-01,108.0,118.12,138,138
RX 560,2025-12-01,107.99,120.98,97,97
RX 560,2026-01-01,100.0,86.58,84,111
RX 560,2026-02-01,100.0,105.04,99,173
RX 560,2026-03-01,89.09,88.81,103,136
RX 560,2026-04-01,89.09,97.3,63,64
RX 560,2026-05-01,95.0,91.52,19,19
RX 560 XT,2025-09-01,141.97,141.97,3,3
RX 560 XT,2025-10-01,141.97,143.14,24,32
RX 560 XT,2025-11-01,145.97,145.97,26,34
RX 560 XT,2025-12-01,170.03,176.97,66,66
RX 560 XT,2026-01-01,180.33,169.5,35,35
RX 560 XT,2026-02-01,190.95,190.18,52,67
RX 560 XT,2026-03-01,185.81,187.1,106,106
RX 560 XT,2026-04-01,188.22,194.49,139,174
RX 560 XT,2026-05-01,198.99,207.35,62,62
RX 5600 XT,2025-09-01,299.99,352.0,37,37
RX 5600 XT,2025-10-01,299.99,430.11,85,85
RX 5600 XT,2025-11-01,329.55,476.09,68,68
RX 5600 XT,2025-12-01,299.99,299.85,29,41
RX 5600 XT,2026-01-01,299.99,268.12,58,58
RX 5600 XT,2026-02-01,260.0,244.78,94,109
RX 5600 XT,2026-03-01,260.0,255.24,101,101
RX 5600 XT,2026-04-01,275.0,254.59,87,87
RX 5600 XT,2026-05-01,200.0,232.1,19,19
RX 570,2025-09-01,199.89,233.85,60,75
RX 570,2025-10-01,129.99,168.53,118,157
RX 570,2025-11-01,199.89,166.11,113,144
RX 570,2025-12-01,179.88,174.76,264,313
RX 570,2026-01-01,186.99,190.18,239,265
RX 570,2026-02-01,199.0,178.03,233,253
RX 570,2026-03-01,179.97,157.26,308,308
RX 570,2026-04-01,170.0,145.56,400,420
RX 570,2026-05-01,129.0,134.27,87,88
RX 5700,2026-01-01,130.0,133.33,3,3
RX 5700,2026-02-01,130.0,130.0,3,3
RX 5700 XT,2025-09-01,212.47,236.86,85,97
RX 5700 XT,2025-10-01,265.0,297.86,190,190
RX 5700 XT,2025-11-01,199.99,200.44,611,807
RX 5700 XT,2025-12-01,199.99,209.61,243,299
RX 5700 XT,2026-01-01,265.0,361.25,95,95
RX 5700 XT,2026-02-01,265.0,321.59,109,109
RX 5700 XT,2026-03-01,265.0,329.99,102,102
RX 5700 XT,2026-04-01,265.0,313.54,118,118
RX 5700 XT,2026-05-01,265.0,325.12,24,24
RX 580,2025-09-01,110.0,131.82,504,554
RX 580,2025-10-01,129.99,143.95,638,740
RX 580,2025-11-01,145.99,149.16,692,775
RX 580,2025-12-01,136.99,172.78,828,857
RX 580,2026-01-01,115.51,142.71,745,855
RX 580,2026-02-01,175.0,202.2,785,797
RX 580,2026-03-01,148.95,171.23,1469,1486
RX 580,2026-04-01,150.0,182.03,1939,1962
RX 580,2026-05-01,174.59,200.42,472,476
RX 590,2025-09-01,165.98,138.35,19,19
RX 590,2025-10-01,165.98,139.2,69,69
RX 590,2025-11-01,165.98,152.28,116,116
RX 590,2025-12-01,135.59,145.87,50,51
RX 590,2026-01-01,135.59,117.1,86,88
RX 590,2026-02-01,135.59,158.04,42,42
RX 590,2026-03-01,259.99,213.74,71,71
RX 590,2026-04-01,139.59,186.93,82,82
RX 590,2026-05-01,259.99,259.99,6,7
RX 6300,2025-09-01,220.57,237.02,46,46
RX 6300,2025-10-01,254.97,238.26,35,35
RX 6400,2025-09-01,199.36,208.48,262,263
RX 6400,2025-10-01,200.4,222.87,552,555
RX 6400,2025-11-01,210.53,228.68,341,345
RX 6400,2025-12-01,237.5,249.01,217,217
RX 6400,2026-01-01,250.0,257.06,60,65
RX 6400,2026-02-01,275.76,281.36,121,121
RX 6400,2026-03-01,225.0,218.68,86,88
RX 6400,2026-04-01,221.04,239.02,46,58
RX 6400,2026-05-01,228.58,234.87,25,32
RX 6500,2025-09-01,198.99,198.99,12,12
RX 6500,2025-10-01,198.99,198.99,31,31
RX 6500,2025-11-01,198.99,198.99,28,28
RX 6500,2025-12-01,198.99,198.99,27,27
RX 6500,2026-01-01,198.99,198.99,21,21
RX 6500,2026-02-01,198.99,198.99,30,30
RX 6500,2026-04-01,199.99,199.99,12,12
RX 6500 XT,2025-09-01,249.99,238.52,239,243
RX 6500 XT,2025-10-01,246.9,240.7,635,635
RX 6500 XT,2025-11-01,239.9,223.95,613,613
RX 6500 XT,2025-12-01,189.0,197.34,558,558
RX 6500 XT,2026-01-01,189.0,199.44,555,565
RX 6500 XT,2026-02-01,214.0,222.2,679,679
RX 6500 XT,2026-03-01,259.47,257.31,666,666
RX 6500 XT,2026-04-01,274.96,268.29,477,477
RX 6500 XT,2026-05-01,274.96,267.76,114,114
RX 6600,2025-09-01,284.13,289.12,493,576
RX 6600,2025-10-01,284.13,295.36,1136,1449
RX 6600,2025-11-01,284.13,319.79,1299,1331
RX 6600,2025-12-01,295.03,313.49,505,529
RX 6600,2026-01-01,308.0,325.22,238,265
RX 6600,2026-02-01,324.92,335.7,349,376
RX 6600,2026-03-01,360.0,350.0,328,328
RX 6600,2026-04-01,360.0,360.4,331,337
RX 6600,2026-05-01,379.9,378.96,60,70
RX 6600 XT,2025-09-01,450.0,434.02,94,99
RX 6600 XT,2025-10-01,450.0,436.64,256,267
RX 6600 XT,2025-11-01,450.0,435.01,289,302
RX 6600 XT,2025-12-01,425.0,409.71,342,353
RX 6600 XT,2026-01-01,379.95,389.81,238,240
RX 6600 XT,2026-02-01,295.0,388.36,276,278
RX 6600 XT,2026-03-01,379.95,358.36,235,297
RX 6600 XT,2026-04-01,425.0,539.56,284,284
RX 6600 XT,2026-05-01,499.99,529.57,56,56
RX 6650 XT,2025-09-01,299.99,286.15,26,29
RX 6650 XT,2025-10-01,275.0,283.29,76,91
RX 6650 XT,2025-11-01,299.99,308.95,42,50
RX 6650 XT,2025-12-01,357.5,432.35,48,48
RX 6650 XT,2026-01-01,400.0,364.04,50,63
RX 6650 XT,2026-02-01,415.0,379.42,71,71
RX 6650 XT,2026-03-01,415.0,415.0,29,31
RX 6650 XT,2026-04-01,415.0,415.0,31,31
RX 6650 XT,2026-05-01,415.0,417.65,17,17
RX 6700,2026-03-01,250.0,250.0,6,6
RX 6700,2026-04-01,250.0,250.0,4,4
RX 6700 XT,2025-09-01,549.0,513.91,69,69
RX 6700 XT,2025-10-01,499.0,461.04,142,149
RX 6700 XT,2025-11-01,499.0,480.03,108,108
RX 6700 XT,2025-12-01,499.0,466.39,62,69
RX 6700 XT,2026-01-01,549.0,485.48,54,66
RX 6700 XT,2026-02-01,477.0,504.23,197,231
RX 6700 XT,2026-03-01,450.0,482.86,272,305
RX 6700 XT,2026-04-01,450.0,486.32,241,273
RX 6700 XT,2026-05-01,427.5,468.66,66,74
RX 6750,2025-09-01,527.2,486.25,8,8
RX 6750,2025-10-01,527.2,483.39,41,41
RX 6750,2025-11-01,527.2,551.09,30,30
RX 6750,2025-12-01,530.96,530.96,7,7
RX 6750,2026-01-01,530.96,530.43,17,22
RX 6750,2026-02-01,420.0,419.93,109,110
RX 6750,2026-03-01,408.0,363.01,89,89
RX 6750,2026-04-01,530.96,530.96,31,37
RX 6750,2026-05-01,530.96,530.96,7,9
RX 6750 XT,2025-09-01,400.0,400.0,7,8
RX 6750 XT,2025-10-01,400.0,380.77,37,53
RX 6750 XT,2025-11-01,625.7,561.3,73,73
RX 6750 XT,2025-12-01,499.0,502.19,54,54
RX 6750 XT,2026-01-01,499.0,495.35,60,61
RX 6750 XT,2026-02-01,569.99,513.35,55,60
RX 6750 XT,2026-03-01,569.99,618.41,97,97
RX 6750 XT,2026-04-01,535.0,482.09,74,90
RX 6750 XT,2026-05-01,475.0,477.04,22,22
RX 6800,2025-09-01,485.0,485.13,38,38
RX 6800,2025-10-01,449.99,453.81,118,119
RX 6800,2025-11-01,500.0,479.68,64,65
RX 6800,2025-12-01,500.0,483.67,68,68
RX 6800,2026-01-01,500.0,500.0,394,476
RX 6800,2026-02-01,500.0,484.42,215,231
RX 6800,2026-03-01,500.0,500.0,264,337
RX 6800,2026-04-01,500.0,466.81,113,154
RX 6800,2026-05-01,385.0,385.0,126,145
RX 6800 XT,2025-09-01,1799.0,1391.8,730,730
RX 6800 XT,2025-10-01,1799.0,1339.72,1658,1658
RX 6800 XT,2025-11-01,1799.0,1336.09,1653,1653
RX 6800 XT,2025-12-01,1799.0,1461.62,980,980
RX 6800 XT,2026-01-01,1799.0,1893.29,756,948
RX 6800 XT,2026-02-01,697.0,1011.18,545,545
RX 6800 XT,2026-03-01,697.0,1091.76,780,780
RX 6800 XT,2026-04-01,1016.69,1210.98,404,404
RX 6800 XT,2026-05-01,1799.0,1540.25,170,170
RX 6900 XT,2025-09-01,920.1,920.1,240,336
RX 6900 XT,2025-10-01,920.1,916.71,331,441
RX 6900 XT,2025-11-01,625.0,704.63,130,148
RX 6900 XT,2025-12-01,625.0,762.93,75,82
RX 6900 XT,2026-01-01,625.0,631.6,53,66
RX 6900 XT,2026-02-01,625.0,713.78,137,150
RX 6900 XT,2026-03-01,699.0,731.02,184,186
RX 6900 XT,2026-04-01,659.99,661.26,124,148
RX 6900 XT,2026-05-01,629.99,637.91,23,27
RX 6950 XT,2025-10-01,749.99,749.99,15,15
RX 6950 XT,2025-11-01,749.99,749.99,17,17
RX 6950 XT,2025-12-01,749.99,749.99,8,8
RX 7600,2025-09-01,363.99,367.21,194,209
RX 7600,2025-10-01,261.99,318.86,1042,1080
RX 7600,2025-11-01,261.99,308.58,703,743
RX 7600,2025-12-01,351.9,398.11,251,251
RX 7600,2026-01-01,299.97,325.43,410,449
RX 7600,2026-02-01,293.49,308.45,835,943
RX 7600,2026-03-01,293.49,301.28,892,1013
RX 7600,2026-04-01,293.49,280.66,1072,1316
RX 7600,2026-05-01,390.0,406.44,140,140
RX 7600 XT,2025-09-01,518.9,492.75,29,29
RX 7600 XT,2025-10-01,518.9,488.92,66,66
RX 7600 XT,2025-11-01,429.97,454.77,68,68
RX 7600 XT,2025-12-01,397.99,417.52,40,40
RX 7600 XT,2026-01-01,510.9,478.66,77,77
RX 7600 XT,2026-02-01,549.99,546.9,75,84
RX 7600 XT,2026-03-01,500.0,513.7,83,83
RX 7600 XT,2026-04-01,499.99,471.44,123,126
RX 7600 XT,2026-05-01,499.99,454.54,22,22
RX 7700 XT,2025-09-01,580.44,581.1,216,352
RX 7700 XT,2025-10-01,606.0,616.0,423,561
RX 7700 XT,2025-11-01,580.58,590.2,810,923
RX 7700 XT,2025-12-01,588.0,586.69,430,527
RX 7700 XT,2026-01-01,668.0,609.4,202,202
RX 7700 XT,2026-02-01,625.9,601.63,215,215
RX 7700 XT,2026-03-01,668.93,693.62,175,228
RX 7700 XT,2026-04-01,684.93,706.62,253,285
RX 7700 XT,2026-05-01,678.99,647.51,57,57
RX 7800 XT,2025-09-01,749.95,755.11,429,534
RX 7800 XT,2025-10-01,749.95,752.8,1098,1391
RX 7800 XT,2025-11-01,733.0,701.88,1344,1345
RX 7800 XT,2025-12-01,749.95,761.29,978,1220
RX 7800 XT,2026-01-01,790.0,773.6,1363,1652
RX 7800 XT,2026-02-01,790.0,776.27,791,1046
RX 7800 XT,2026-03-01,790.0,775.46,1087,1477
RX 7800 XT,2026-04-01,729.88,736.39,646,646
RX 7800 XT,2026-05-01,739.91,722.5,162,169
RX 7900,2025-09-01,1234.8,1205.68,588,704
RX 7900,2025-10-01,1234.8,1212.33,1593,1957
RX 7900,2025-11-01,1192.5,1202.01,1554,1956
RX 7900,2025-12-01,1177.0,1151.23,1328,1382
RX 7900,2026-01-01,1296.0,1304.02,1084,1179
RX 7900,2026-02-01,1250.0,1296.22,267,299
RX 7900,2026-03-01,1344.79,1296.73,449,504
RX 7900,2026-04-01,1250.0,1172.21,453,456
RX 7900,2026-05-01,1145.0,1178.35,82,96
RX 7900 XT,2025-09-01,800.0,853.55,188,188
RX 7900 XT,2025-10-01,893.21,859.18,800,853
RX 7900 XT,2025-11-01,872.4,862.19,735,789
RX 7900 XT,2025-12-01,955.0,886.11,660,660
RX 7900 XT,2026-01-01,1098.4,1032.69,1055,1133
RX 7900 XT,2026-02-01,941.8,910.47,346,346
RX 7900 XT,2026-03-01,791.9,842.41,387,387
RX 7900 XT,2026-04-01,709.99,741.76,356,396
RX 7900 XT,2026-05-01,789.0,847.51,84,84
RX 9060,2026-04-01,527.9,527.9,30,34
RX 9060,2026-05-01,527.9,527.9,6,6
RX 9060 XT,2025-09-01,467.45,495.92,1093,1093
RX 9060 XT,2025-10-01,468.94,494.17,3242,3246
RX 9060 XT,2025-11-01,480.7,495.72,1442,1442
RX 9060 XT,2025-12-01,478.62,500.87,2537,2583
RX 9060 XT,2026-01-01,550.0,517.17,1326,1433
RX 9060 XT,2026-02-01,550.0,532.32,2246,2618
RX 9060 XT,2026-03-01,549.0,537.75,3183,3356
RX 9060 XT,2026-04-01,513.49,531.01,2810,3099
RX 9060 XT,2026-05-01,596.9,555.48,851,866
RX 9070,2025-09-01,739.8,774.44,1440,1468
RX 9070,2025-10-01,825.78,816.09,4471,4504
RX 9070,2025-11-01,801.54,803.42,3713,3729
RX 9070,2025-12-01,811.0,805.66,1608,1622
RX 9070,2026-01-01,920.5,899.96,1168,1387
RX 9070,2026-02-01,936.6,933.35,958,1298
RX 9070,2026-03-01,914.2,891.67,1236,1433
RX 9070,2026-04-01,925.6,908.07,1509,1692
RX 9070,2026-05-01,926.8,921.63,348,436
RX 9070 XT,2025-09-01,1190.0,1135.13,1339,1339
RX 9070 XT,2025-10-01,1180.0,1139.58,5132,5136
RX 9070 XT,2025-11-01,1190.0,1142.65,4891,4891
RX 9070 XT,2025-12-01,1190.0,1148.48,3051,3051
RX 9070 XT,2026-01-01,1115.9,1156.45,4109,4170
RX 9070 XT,2026-02-01,1191.19,1233.49,6127,6130
RX 9070 XT,2026-03-01,1190.0,1228.1,5233,5233
RX 9070 XT,2026-04-01,1134.9,1146.88,5548,5548
RX 9070 XT,2026-05-01,1066.0,1068.35,1319,1388
