ram_bucket,ddr_gen,speed_mhz,capacity_gb,month,real_median_price,real_mean_price,sample_size,raw_sample_size
DDR3 1066 16GB,3,1066,16,2026-02-01,200.0,200.0,5,5
DDR3 1066 16GB,3,1066,16,2026-03-01,200.0,200.0,13,13
DDR3 1066 16GB,3,1066,16,2026-04-01,200.0,200.0,7,7
DDR3 1066 1GB,3,1066,1,2025-09-01,16.49,16.49,27,30
DDR3 1066 1GB,3,1066,1,2025-10-01,17.31,22.18,84,84
DDR3 1066 1GB,3,1066,1,2025-11-01,33.0,34.15,100,100
DDR3 1066 1GB,3,1066,1,2025-12-01,36.3,36.3,36,36
DDR3 1066 1GB,3,1066,1,2026-03-01,36.3,36.3,4,4
DDR3 1066 2GB,3,1066,2,2025-09-01,14.29,14.29,9,9
DDR3 1066 2GB,3,1066,2,2025-10-01,15.0,18.91,92,92
DDR3 1066 2GB,3,1066,2,2025-11-01,28.59,29.7,30,30
DDR3 1066 2GB,3,1066,2,2025-12-01,31.45,31.45,32,32
DDR3 1066 2GB,3,1066,2,2026-01-01,31.45,31.45,10,10
DDR3 1066 2GB,3,1066,2,2026-02-01,31.45,31.45,9,9
DDR3 1066 2GB,3,1066,2,2026-03-01,31.45,31.45,5,5
DDR3 1066 2GB,3,1066,2,2026-04-01,31.45,31.45,31,31
DDR3 1066 4GB,3,1066,4,2025-09-01,8.54,8.72,5,5
DDR3 1066 4GB,3,1066,4,2025-10-01,8.99,25.0,24,24
DDR3 1066 4GB,3,1066,4,2025-11-01,48.41,48.41,12,19
DDR3 1066 4GB,3,1066,4,2025-12-01,53.25,53.25,9,11
DDR3 1333 12GB,3,1333,12,2025-12-01,145.22,145.22,8,8
DDR3 1333 16GB,3,1333,16,2026-03-01,193.61,193.61,13,16
DDR3 1333 16GB,3,1333,16,2026-04-01,193.61,193.61,10,10
DDR3 1333 1GB,3,1333,1,2025-09-01,16.49,16.04,47,47
DDR3 1333 1GB,3,1333,1,2025-10-01,28.57,26.2,163,163
DDR3 1333 1GB,3,1333,1,2025-11-01,36.3,34.65,263,263
DDR3 1333 1GB,3,1333,1,2025-12-01,36.3,36.3,112,112
DDR3 1333 1GB,3,1333,1,2026-01-01,36.3,36.3,42,42
DDR3 1333 1GB,3,1333,1,2026-02-01,36.3,36.3,95,95
DDR3 1333 1GB,3,1333,1,2026-03-01,36.3,36.3,99,99
DDR3 1333 1GB,3,1333,1,2026-04-01,36.3,36.3,148,148
DDR3 1333 1GB,3,1333,1,2026-05-01,36.3,36.3,17,17
DDR3 1333 2GB,3,1333,2,2025-09-01,14.29,14.25,20,32
DDR3 1333 2GB,3,1333,2,2025-10-01,24.0,21.54,111,111
DDR3 1333 2GB,3,1333,2,2025-11-01,31.45,30.04,169,193
DDR3 1333 2GB,3,1333,2,2025-12-01,31.45,31.45,206,210
DDR3 1333 2GB,3,1333,2,2026-01-01,31.45,31.45,134,134
DDR3 1333 2GB,3,1333,2,2026-02-01,31.45,31.45,241,253
DDR3 1333 2GB,3,1333,2,2026-03-01,31.45,31.45,332,364
DDR3 1333 2GB,3,1333,2,2026-04-01,31.45,31.45,345,400
DDR3 1333 2GB,3,1333,2,2026-05-01,31.45,31.45,52,62
DDR3 1333 4GB,3,1333,4,2025-09-01,21.99,22.83,58,63
DDR3 1333 4GB,3,1333,4,2025-10-01,30.01,30.69,173,173
DDR3 1333 4GB,3,1333,4,2025-11-01,48.41,46.58,162,182
DDR3 1333 4GB,3,1333,4,2025-12-01,48.41,48.41,124,143
DDR3 1333 4GB,3,1333,4,2026-01-01,48.41,42.52,102,102
DDR3 1333 4GB,3,1333,4,2026-02-01,48.41,52.94,132,153
DDR3 1333 4GB,3,1333,4,2026-03-01,55.0,54.55,200,218
DDR3 1333 4GB,3,1333,4,2026-04-01,48.41,49.43,254,254
DDR3 1333 4GB,3,1333,4,2026-05-01,48.41,51.18,36,36
DDR3 1333 6GB,3,1333,6,2025-09-01,42.87,42.87,5,5
DDR3 1333 6GB,3,1333,6,2025-10-01,56.27,55.37,12,12
DDR3 1333 6GB,3,1333,6,2025-12-01,94.37,94.37,12,12
DDR3 1333 6GB,3,1333,6,2026-01-01,94.37,94.37,8,8
DDR3 1333 6GB,3,1333,6,2026-02-01,94.37,94.37,36,36
DDR3 1333 6GB,3,1333,6,2026-03-01,94.37,94.37,30,30
DDR3 1333 6GB,3,1333,6,2026-04-01,94.37,94.37,31,31
DDR3 1333 6GB,3,1333,6,2026-05-01,94.37,94.37,6,6
DDR3 1333 8GB,3,1333,8,2025-10-01,22.54,24.24,10,10
DDR3 1333 8GB,3,1333,8,2025-12-01,33.88,33.88,6,7
DDR3 1333 8GB,3,1333,8,2026-01-01,37.27,37.27,15,17
DDR3 1333 8GB,3,1333,8,2026-02-01,37.27,37.27,46,47
DDR3 1333 8GB,3,1333,8,2026-03-01,25.99,30.07,47,47
DDR3 1333 8GB,3,1333,8,2026-04-01,25.99,25.99,44,46
DDR3 1333 8GB,3,1333,8,2026-05-01,25.99,25.99,11,11
DDR3 1600 12GB,3,1600,12,2026-04-01,35.0,35.0,10,10
DDR3 1600 12GB,3,1600,12,2026-05-01,35.0,35.0,5,5
DDR3 1600 16GB,3,1600,16,2025-09-01,43.98,43.98,5,5
DDR3 1600 16GB,3,1600,16,2025-10-01,43.98,38.28,12,12
DDR3 1600 16GB,3,1600,16,2025-11-01,31.5,31.52,30,30
DDR3 1600 16GB,3,1600,16,2025-12-01,67.76,67.76,5,6
DDR3 1600 16GB,3,1600,16,2026-02-01,193.61,193.61,18,22
DDR3 1600 16GB,3,1600,16,2026-03-01,193.61,193.61,37,42
DDR3 1600 16GB,3,1600,16,2026-04-01,193.61,147.41,18,18
DDR3 1600 2GB,3,1600,2,2025-10-01,27.23,24.13,22,22
DDR3 1600 2GB,3,1600,2,2025-11-01,30.26,29.96,73,73
DDR3 1600 2GB,3,1600,2,2025-12-01,31.45,31.45,104,110
DDR3 1600 2GB,3,1600,2,2026-01-01,31.45,31.45,82,82
DDR3 1600 2GB,3,1600,2,2026-02-01,31.45,31.45,129,167
DDR3 1600 2GB,3,1600,2,2026-03-01,31.45,31.45,147,180
DDR3 1600 2GB,3,1600,2,2026-04-01,31.45,31.45,140,142
DDR3 1600 2GB,3,1600,2,2026-05-01,31.45,31.45,20,20
DDR3 1600 32GB,3,1600,32,2025-09-01,87.96,87.96,5,5
DDR3 1600 32GB,3,1600,32,2025-10-01,87.96,100.56,7,7
DDR3 1600 32GB,3,1600,32,2025-11-01,117.35,119.7,5,5
DDR3 1600 32GB,3,1600,32,2025-12-01,135.54,135.54,6,6
DDR3 1600 4GB,3,1600,4,2025-09-01,21.99,21.17,66,66
DDR3 1600 4GB,3,1600,4,2025-10-01,34.64,30.76,279,279
DDR3 1600 4GB,3,1600,4,2025-11-01,48.41,46.33,527,535
DDR3 1600 4GB,3,1600,4,2025-12-01,48.41,48.41,364,394
DDR3 1600 4GB,3,1600,4,2026-01-01,48.41,48.41,455,549
DDR3 1600 4GB,3,1600,4,2026-02-01,48.41,48.41,744,946
DDR3 1600 4GB,3,1600,4,2026-03-01,48.41,48.41,803,964
DDR3 1600 4GB,3,1600,4,2026-04-01,48.41,48.41,757,891
DDR3 1600 4GB,3,1600,4,2026-05-01,48.41,48.41,158,177
DDR3 1600 6GB,3,1600,6,2025-10-01,67.52,57.66,5,5
DDR3 1600 6GB,3,1600,6,2025-12-01,94.37,94.37,7,7
DDR3 1600 6GB,3,1600,6,2026-02-01,94.37,94.37,12,12
DDR3 1600 6GB,3,1600,6,2026-03-01,94.37,94.37,11,11
DDR3 1600 6GB,3,1600,6,2026-04-01,94.37,94.37,15,15
DDR3 1600 6GB,3,1600,6,2026-05-01,94.37,94.37,6,6
DDR3 1600 8GB,3,1600,8,2025-09-01,21.99,22.12,41,51
DDR3 1600 8GB,3,1600,8,2025-10-01,28.99,31.63,86,86
DDR3 1600 8GB,3,1600,8,2025-11-01,31.87,32.25,70,104
DDR3 1600 8GB,3,1600,8,2025-12-01,33.88,33.88,148,179
DDR3 1600 8GB,3,1600,8,2026-01-01,37.27,36.21,192,249
DDR3 1600 8GB,3,1600,8,2026-02-01,37.27,37.27,313,406
DDR3 1600 8GB,3,1600,8,2026-03-01,25.99,27.63,306,358
DDR3 1600 8GB,3,1600,8,2026-04-01,25.99,24.64,345,439
DDR3 1600 8GB,3,1600,8,2026-05-01,25.99,25.99,71,109
DDR3 1866 16GB,3,1866,16,2025-10-01,25.09,25.09,8,10
DDR3 1866 16GB,3,1866,16,2026-01-01,48.44,48.44,8,8
DDR3 1866 16GB,3,1866,16,2026-04-01,48.44,48.44,25,25
DDR3 1866 16GB,3,1866,16,2026-05-01,48.44,48.44,7,7
DDR3 1866 4GB,3,1866,4,2025-10-01,56.58,52.46,30,31
DDR3 1866 4GB,3,1866,4,2025-11-01,59.41,58.28,15,18
DDR3 1866 4GB,3,1866,4,2025-12-01,65.35,65.35,16,16
DDR3 1866 4GB,3,1866,4,2026-01-01,65.35,65.35,30,30
DDR3 1866 4GB,3,1866,4,2026-02-01,65.35,65.35,57,67
DDR3 1866 4GB,3,1866,4,2026-03-01,65.35,65.35,70,70
DDR3 1866 4GB,3,1866,4,2026-04-01,65.35,65.35,58,58
DDR3 1866 4GB,3,1866,4,2026-05-01,65.35,65.35,7,7
DDR3 1866 8GB,3,1866,8,2026-03-01,26.0,25.48,19,19
DDR3 1866 8GB,3,1866,8,2026-04-01,24.21,24.88,16,16
DDR3 2400 8GB,3,2400,8,2026-04-01,26.0,26.0,20,20
DDR3 2400 8GB,3,2400,8,2026-05-01,26.0,26.0,6,6
DDR4 2133 16GB,4,2133,16,2025-11-01,89.95,89.95,12,14
DDR4 2133 16GB,4,2133,16,2025-12-01,114.95,113.76,30,39
DDR4 2133 16GB,4,2133,16,2026-01-01,67.99,68.72,17,22
DDR4 2133 16GB,4,2133,16,2026-02-01,67.99,88.64,3,3
DDR4 2133 16GB,4,2133,16,2026-03-01,133.06,126.4,8,10
DDR4 2133 16GB,4,2133,16,2026-04-01,152.95,152.95,8,9
DDR4 2133 16GB,4,2133,16,2026-05-01,120.99,131.64,3,3
DDR4 2133 4GB,4,2133,4,2025-09-01,19.79,20.36,7,7
DDR4 2133 4GB,4,2133,4,2025-10-01,22.86,24.58,25,26
DDR4 2133 4GB,4,2133,4,2025-11-01,29.05,28.66,7,7
DDR4 2133 4GB,4,2133,4,2025-12-01,32.94,33.91,27,29
DDR4 2133 4GB,4,2133,4,2026-01-01,36.23,36.23,20,29
DDR4 2133 4GB,4,2133,4,2026-02-01,43.48,47.16,25,25
DDR4 2133 4GB,4,2133,4,2026-03-01,54.35,47.59,36,36
DDR4 2133 4GB,4,2133,4,2026-04-01,54.35,47.23,65,65
DDR4 2133 4GB,4,2133,4,2026-05-01,54.35,54.35,13,14
DDR4 2133 8GB,4,2133,8,2025-09-01,41.95,41.95,15,17
DDR4 2133 8GB,4,2133,8,2025-10-01,38.44,38.26,12,13
DDR4 2133 8GB,4,2133,8,2025-11-01,52.95,51.24,75,79
DDR4 2133 8GB,4,2133,8,2025-12-01,54.33,60.47,41,41
DDR4 2133 8GB,4,2133,8,2026-01-01,68.95,68.95,24,30
DDR4 2133 8GB,4,2133,8,2026-02-01,79.95,74.63,51,63
DDR4 2133 8GB,4,2133,8,2026-03-01,96.95,96.95,71,88
DDR4 2133 8GB,4,2133,8,2026-04-01,63.99,73.15,36,36
DDR4 2133 8GB,4,2133,8,2026-05-01,63.99,63.99,8,9
DDR4 2400 16GB,4,2400,16,2025-10-01,66.53,54.92,23,23
DDR4 2400 16GB,4,2400,16,2025-11-01,30.75,51.58,44,44
DDR4 2400 16GB,4,2400,16,2025-12-01,114.95,114.95,35,41
DDR4 2400 16GB,4,2400,16,2026-01-01,129.95,129.95,9,12
DDR4 2400 16GB,4,2400,16,2026-02-01,168.95,150.05,12,12
DDR4 2400 16GB,4,2400,16,2026-03-01,152.95,132.44,46,46
DDR4 2400 16GB,4,2400,16,2026-04-01,152.95,152.95,43,48
DDR4 2400 16GB,4,2400,16,2026-05-01,152.95,128.73,26,26
DDR4 2400 32GB,4,2400,32,2025-12-01,125.0,125.0,4,4
DDR4 2400 32GB,4,2400,32,2026-01-01,155.0,155.0,4,4
DDR4 2400 4GB,4,2400,4,2025-09-01,41.57,41.57,5,8
DDR4 2400 4GB,4,2400,4,2025-10-01,45.73,45.23,17,17
DDR4 2400 4GB,4,2400,4,2025-11-01,51.12,52.7,15,15
DDR4 2400 4GB,4,2400,4,2025-12-01,57.97,59.09,13,17
DDR4 2400 4GB,4,2400,4,2026-01-01,16.95,30.13,33,33
DDR4 2400 4GB,4,2400,4,2026-02-01,44.95,50.52,33,33
DDR4 2400 4GB,4,2400,4,2026-03-01,44.95,57.04,23,23
DDR4 2400 4GB,4,2400,4,2026-04-01,108.96,100.79,101,101
DDR4 2400 4GB,4,2400,4,2026-05-01,108.96,96.72,22,22
DDR4 2400 8GB,4,2400,8,2025-09-01,31.67,31.39,16,20
DDR4 2400 8GB,4,2400,8,2025-10-01,18.49,18.49,10,12
DDR4 2400 8GB,4,2400,8,2025-11-01,52.95,51.7,32,37
DDR4 2400 8GB,4,2400,8,2025-12-01,68.95,64.33,19,20
DDR4 2400 8GB,4,2400,8,2026-01-01,134.95,123.09,22,22
DDR4 2400 8GB,4,2400,8,2026-02-01,134.95,134.95,24,32
DDR4 2400 8GB,4,2400,8,2026-03-01,97.95,97.5,33,59
DDR4 2400 8GB,4,2400,8,2026-04-01,96.95,75.45,63,63
DDR4 2400 8GB,4,2400,8,2026-05-01,71.47,71.47,16,16
DDR4 2666 16GB,4,2666,16,2025-09-01,84.99,84.99,12,12
DDR4 2666 16GB,4,2666,16,2025-10-01,53.99,55.11,25,26
DDR4 2666 16GB,4,2666,16,2025-11-01,67.99,68.57,21,27
DDR4 2666 16GB,4,2666,16,2025-12-01,93.32,95.26,13,15
DDR4 2666 16GB,4,2666,16,2026-01-01,95.0,104.82,25,25
DDR4 2666 16GB,4,2666,16,2026-02-01,110.24,129.23,29,29
DDR4 2666 16GB,4,2666,16,2026-03-01,110.24,111.66,47,52
DDR4 2666 16GB,4,2666,16,2026-04-01,121.99,121.99,27,34
DDR4 2666 16GB,4,2666,16,2026-05-01,121.99,121.99,6,6
DDR4 2666 32GB,4,2666,32,2025-09-01,79.0,79.0,13,13
DDR4 2666 32GB,4,2666,32,2025-10-01,90.0,90.0,15,17
DDR4 2666 32GB,4,2666,32,2025-12-01,249.44,304.48,3,3
DDR4 2666 32GB,4,2666,32,2026-01-01,169.95,173.21,11,13
DDR4 2666 32GB,4,2666,32,2026-02-01,155.0,156.36,11,13
DDR4 2666 32GB,4,2666,32,2026-03-01,185.0,194.25,4,4
DDR4 2666 4GB,4,2666,4,2025-09-01,46.19,47.73,15,15
DDR4 2666 4GB,4,2666,4,2025-10-01,53.35,55.26,36,36
DDR4 2666 4GB,4,2666,4,2025-11-01,71.01,70.18,9,11
DDR4 2666 4GB,4,2666,4,2025-12-01,61.5,61.5,5,6
DDR4 2666 4GB,4,2666,4,2026-01-01,80.71,74.44,19,19
DDR4 2666 4GB,4,2666,4,2026-03-01,30.0,30.0,13,14
DDR4 2666 4GB,4,2666,4,2026-04-01,62.49,62.49,14,16
DDR4 2666 64GB,4,2666,64,2026-04-01,315.99,315.99,3,3
DDR4 2666 8GB,4,2666,8,2025-10-01,40.33,32.56,24,25
DDR4 2666 8GB,4,2666,8,2025-11-01,24.99,32.31,43,43
DDR4 2666 8GB,4,2666,8,2025-12-01,24.99,24.99,20,22
DDR4 2666 8GB,4,2666,8,2026-01-01,69.04,69.04,21,26
DDR4 2666 8GB,4,2666,8,2026-02-01,69.04,69.04,3,4
DDR4 2666 8GB,4,2666,8,2026-03-01,68.99,59.61,36,36
DDR4 2666 8GB,4,2666,8,2026-04-01,44.99,50.72,29,29
DDR4 2666 8GB,4,2666,8,2026-05-01,44.99,52.82,17,17
DDR4 288 32GB,4,288,32,2025-12-01,437.5,431.0,4,4
DDR4 2933 16GB,4,2933,16,2025-11-01,44.99,44.99,5,6
DDR4 2933 16GB,4,2933,16,2025-12-01,44.99,44.99,12,16
DDR4 2933 16GB,4,2933,16,2026-01-01,54.99,73.14,19,19
DDR4 2933 16GB,4,2933,16,2026-02-01,95.0,95.0,5,5
DDR4 2933 16GB,4,2933,16,2026-04-01,152.95,152.95,3,3
DDR4 2933 32GB,4,2933,32,2026-01-01,249.97,241.22,4,4
DDR4 2933 32GB,4,2933,32,2026-02-01,160.0,168.33,12,12
DDR4 2933 8GB,4,2933,8,2025-11-01,52.95,52.95,16,19
DDR4 2933 8GB,4,2933,8,2025-12-01,68.95,68.95,4,4
DDR4 2933 8GB,4,2933,8,2026-05-01,69.04,69.04,3,3
DDR4 3000 16GB,4,3000,16,2026-01-01,50.0,58.0,13,13
DDR4 3000 16GB,4,3000,16,2026-04-01,109.99,109.0,7,7
DDR4 3000 32GB,4,3000,32,2026-04-01,214.99,193.33,3,3
DDR4 3200 16GB,4,3200,16,2025-09-01,46.71,48.14,51,55
DDR4 3200 16GB,4,3200,16,2025-10-01,64.41,58.95,67,67
DDR4 3200 16GB,4,3200,16,2025-11-01,73.99,67.84,75,75
DDR4 3200 16GB,4,3200,16,2025-12-01,106.0,103.43,77,80
DDR4 3200 16GB,4,3200,16,2026-01-01,123.78,124.3,76,91
DDR4 3200 16GB,4,3200,16,2026-02-01,134.99,137.86,194,198
DDR4 3200 16GB,4,3200,16,2026-03-01,144.95,144.76,227,239
DDR4 3200 16GB,4,3200,16,2026-04-01,135.99,133.15,155,168
DDR4 3200 16GB,4,3200,16,2026-05-01,135.99,129.3,21,21
DDR4 3200 32GB,4,3200,32,2025-09-01,77.98,84.12,17,17
DDR4 3200 32GB,4,3200,32,2025-10-01,134.99,134.99,7,9
DDR4 3200 32GB,4,3200,32,2025-11-01,185.6,177.78,5,6
DDR4 3200 32GB,4,3200,32,2025-12-01,233.38,224.73,37,37
DDR4 3200 32GB,4,3200,32,2026-01-01,247.6,223.19,25,26
DDR4 3200 32GB,4,3200,32,2026-02-01,219.98,225.37,81,81
DDR4 3200 32GB,4,3200,32,2026-03-01,275.0,274.92,34,36
DDR4 3200 32GB,4,3200,32,2026-04-01,277.99,272.4,19,25
DDR4 3200 32GB,4,3200,32,2026-05-01,295.95,295.95,7,8
DDR4 3200 4GB,4,3200,4,2025-10-01,50.68,50.68,3,3
DDR4 3200 4GB,4,3200,4,2025-11-01,64.4,64.4,6,6
DDR4 3200 4GB,4,3200,4,2026-02-01,44.95,44.95,9,9
DDR4 3200 4GB,4,3200,4,2026-03-01,44.95,44.95,12,12
DDR4 3200 4GB,4,3200,4,2026-04-01,44.95,44.95,20,20
DDR4 3200 4GB,4,3200,4,2026-05-01,44.95,44.95,7,7
DDR4 3200 64GB,4,3200,64,2025-10-01,136.99,136.99,3,4
DDR4 3200 64GB,4,3200,64,2025-12-01,400.0,839.67,3,3
DDR4 3200 64GB,4,3200,64,2026-02-01,369.99,364.32,6,6
DDR4 3200 64GB,4,3200,64,2026-03-01,463.49,463.49,7,9
DDR4 3200 8GB,4,3200,8,2025-09-01,24.99,30.56,15,15
DDR4 3200 8GB,4,3200,8,2025-10-01,24.99,35.18,95,95
DDR4 3200 8GB,4,3200,8,2025-11-01,24.99,39.36,94,94
DDR4 3200 8GB,4,3200,8,2025-12-01,42.99,43.72,52,52
DDR4 3200 8GB,4,3200,8,2026-01-01,67.99,66.34,40,41
DDR4 3200 8GB,4,3200,8,2026-02-01,91.91,88.03,102,103
DDR4 3200 8GB,4,3200,8,2026-03-01,94.99,92.1,147,149
DDR4 3200 8GB,4,3200,8,2026-04-01,96.95,87.05,95,102
DDR4 3200 8GB,4,3200,8,2026-05-01,96.95,88.67,31,39
DDR4 3600 16GB,4,3600,16,2025-09-01,41.99,41.81,11,11
DDR4 3600 16GB,4,3600,16,2025-10-01,69.99,71.73,23,23
DDR4 3600 16GB,4,3600,16,2025-12-01,98.99,98.99,10,11
DDR4 3600 16GB,4,3600,16,2026-01-01,129.99,120.7,7,7
DDR4 3600 16GB,4,3600,16,2026-02-01,134.99,134.99,7,12
DDR4 3600 16GB,4,3600,16,2026-03-01,129.99,139.3,45,45
DDR4 3600 16GB,4,3600,16,2026-04-01,151.99,143.08,38,39
DDR4 3600 16GB,4,3600,16,2026-05-01,139.99,121.52,12,13
DDR4 3600 32GB,4,3600,32,2025-10-01,149.99,136.33,3,3
DDR4 3600 32GB,4,3600,32,2025-11-01,142.99,142.99,7,9
DDR4 3600 32GB,4,3600,32,2026-01-01,295.0,319.55,28,28
DDR4 3600 32GB,4,3600,32,2026-02-01,225.0,229.16,55,71
DDR4 3600 32GB,4,3600,32,2026-03-01,279.99,277.68,57,58
DDR4 3600 32GB,4,3600,32,2026-04-01,279.99,290.37,50,59
DDR4 3600 32GB,4,3600,32,2026-05-01,279.99,279.99,14,17
DDR4 3600 64GB,4,3600,64,2025-09-01,174.99,174.09,9,9
DDR4 3600 64GB,4,3600,64,2025-11-01,279.99,272.85,7,8
DDR4 3600 64GB,4,3600,64,2026-02-01,450.0,466.67,3,4
DDR4 3600 64GB,4,3600,64,2026-03-01,539.5,521.16,12,12
DDR4 3600 64GB,4,3600,64,2026-04-01,350.0,424.0,10,10
DDR4 3600 64GB,4,3600,64,2026-05-01,299.99,299.99,4,4
DDR4 3600 8GB,4,3600,8,2025-12-01,49.99,48.32,12,12
DDR4 3600 8GB,4,3600,8,2026-01-01,59.99,59.8,27,27
DDR4 3600 8GB,4,3600,8,2026-02-01,74.99,72.49,4,4
DDR4 3600 8GB,4,3600,8,2026-04-01,77.99,77.99,23,28
DDR4 3600 8GB,4,3600,8,2026-05-01,77.99,77.99,7,7
DDR4 4000 16GB,4,4000,16,2025-11-01,94.99,94.99,6,6
DDR4 4000 16GB,4,4000,16,2025-12-01,94.99,94.99,4,4
DDR4 4000 16GB,4,4000,16,2026-03-01,154.99,154.99,8,10
DDR4 4000 16GB,4,4000,16,2026-04-01,199.99,183.09,21,21
DDR4 4000 32GB,4,4000,32,2026-03-01,289.99,279.0,5,5
DDR4 4000 32GB,4,4000,32,2026-04-01,225.0,256.0,5,5
DDR4 4000 64GB,4,4000,64,2025-10-01,249.99,249.99,4,4
DDR5 4800 16GB,5,4800,16,2025-09-01,52.99,50.07,28,33
DDR5 4800 16GB,5,4800,16,2025-10-01,59.0,69.34,26,28
DDR5 4800 16GB,5,4800,16,2025-11-01,118.0,169.4,42,42
DDR5 4800 16GB,5,4800,16,2025-12-01,153.0,165.96,11,11
DDR5 4800 16GB,5,4800,16,2026-01-01,150.0,157.05,21,21
DDR5 4800 16GB,5,4800,16,2026-02-01,189.99,181.72,29,32
DDR5 4800 16GB,5,4800,16,2026-03-01,199.99,205.75,92,94
DDR5 4800 16GB,5,4800,16,2026-04-01,199.99,207.7,103,103
DDR5 4800 16GB,5,4800,16,2026-05-01,199.99,195.44,22,22
DDR5 4800 32GB,5,4800,32,2025-09-01,97.0,102.05,48,59
DDR5 4800 32GB,5,4800,32,2025-10-01,99.99,101.74,93,108
DDR5 4800 32GB,5,4800,32,2025-11-01,208.0,208.55,62,84
DDR5 4800 32GB,5,4800,32,2025-12-01,277.5,265.4,74,74
DDR5 4800 32GB,5,4800,32,2026-02-01,300.0,353.0,3,3
DDR5 4800 32GB,5,4800,32,2026-03-01,379.99,384.8,36,41
DDR5 4800 32GB,5,4800,32,2026-04-01,379.99,372.73,84,90
DDR5 4800 32GB,5,4800,32,2026-05-01,355.0,359.62,27,27
DDR5 4800 64GB,5,4800,64,2025-09-01,215.0,215.0,6,8
DDR5 4800 64GB,5,4800,64,2025-10-01,215.0,215.0,9,10
DDR5 4800 64GB,5,4800,64,2025-11-01,449.0,449.0,3,3
DDR5 4800 64GB,5,4800,64,2025-12-01,330.0,330.0,3,3
DDR5 4800 8GB,5,4800,8,2025-10-01,20.0,20.0,8,8
DDR5 4800 8GB,5,4800,8,2025-11-01,45.58,36.22,17,18
DDR5 4800 8GB,5,4800,8,2025-12-01,77.88,79.49,28,35
DDR5 4800 8GB,5,4800,8,2026-01-01,80.0,80.0,3,3
DDR5 4800 8GB,5,4800,8,2026-04-01,149.97,141.03,19,19
DDR5 4800 8GB,5,4800,8,2026-05-01,109.99,109.99,6,6
DDR5 5200 128GB,5,5200,128,2025-12-01,920.0,900.0,7,7
DDR5 5200 16GB,5,5200,16,2025-09-01,50.0,52.2,38,38
DDR5 5200 16GB,5,5200,16,2025-10-01,70.0,69.61,139,139
DDR5 5200 16GB,5,5200,16,2025-11-01,95.49,108.15,66,66
DDR5 5200 16GB,5,5200,16,2025-12-01,159.99,156.06,29,31
DDR5 5200 16GB,5,5200,16,2026-01-01,183.5,183.5,4,4
DDR5 5200 16GB,5,5200,16,2026-02-01,199.99,199.99,15,18
DDR5 5200 16GB,5,5200,16,2026-03-01,199.99,199.99,33,46
DDR5 5200 16GB,5,5200,16,2026-04-01,199.99,199.99,29,34
DDR5 5200 16GB,5,5200,16,2026-05-01,199.99,199.99,8,9
DDR5 5200 32GB,5,5200,32,2025-09-01,89.99,90.65,47,47
DDR5 5200 32GB,5,5200,32,2025-10-01,99.99,114.85,113,113
DDR5 5200 32GB,5,5200,32,2025-11-01,188.0,200.49,68,68
DDR5 5200 32GB,5,5200,32,2025-12-01,431.0,397.7,17,17
DDR5 5200 32GB,5,5200,32,2026-01-01,599.0,634.71,7,9
DDR5 5200 32GB,5,5200,32,2026-02-01,339.99,334.28,7,7
DDR5 5200 32GB,5,5200,32,2026-03-01,330.0,321.43,7,7
DDR5 5200 32GB,5,5200,32,2026-04-01,330.0,331.33,30,55
DDR5 5200 32GB,5,5200,32,2026-05-01,330.0,330.0,7,9
DDR5 5200 48GB,5,5200,48,2025-10-01,189.99,189.99,8,8
DDR5 5200 48GB,5,5200,48,2026-01-01,285.0,285.0,5,5
DDR5 5200 64GB,5,5200,64,2025-09-01,169.99,170.92,14,14
DDR5 5200 64GB,5,5200,64,2025-10-01,264.99,238.83,45,45
DDR5 5200 64GB,5,5200,64,2025-11-01,534.99,465.99,20,20
DDR5 5200 64GB,5,5200,64,2025-12-01,575.0,574.02,39,39
DDR5 5200 64GB,5,5200,64,2026-01-01,556.59,584.49,45,45
DDR5 5200 64GB,5,5200,64,2026-02-01,600.0,599.32,39,39
DDR5 5200 64GB,5,5200,64,2026-03-01,525.0,454.37,68,68
DDR5 5200 64GB,5,5200,64,2026-04-01,325.0,377.2,79,79
DDR5 5200 64GB,5,5200,64,2026-05-01,566.92,581.6,13,13
DDR5 5200 8GB,5,5200,8,2025-09-01,29.99,29.05,17,17
DDR5 5200 8GB,5,5200,8,2025-10-01,27.99,27.99,24,24
DDR5 5200 8GB,5,5200,8,2025-11-01,45.0,40.85,13,13
DDR5 5200 96GB,5,5200,96,2026-01-01,679.99,684.11,17,18
DDR5 5200 96GB,5,5200,96,2026-03-01,750.0,787.5,8,8
DDR5 5600 128GB,5,5600,128,2025-09-01,501.4,495.15,21,21
DDR5 5600 128GB,5,5600,128,2025-10-01,569.98,535.01,27,27
DDR5 5600 128GB,5,5600,128,2025-12-01,1236.0,1177.25,14,14
DDR5 5600 128GB,5,5600,128,2026-02-01,1784.32,1656.14,13,13
DDR5 5600 128GB,5,5600,128,2026-03-01,1793.71,1653.58,17,17
DDR5 5600 16GB,5,5600,16,2025-09-01,49.99,50.63,57,58
DDR5 5600 16GB,5,5600,16,2025-10-01,75.0,73.28,148,151
DDR5 5600 16GB,5,5600,16,2025-11-01,124.82,119.17,166,166
DDR5 5600 16GB,5,5600,16,2025-12-01,149.99,156.37,65,71
DDR5 5600 16GB,5,5600,16,2026-01-01,219.99,209.9,76,76
DDR5 5600 16GB,5,5600,16,2026-02-01,219.99,216.28,137,137
DDR5 5600 16GB,5,5600,16,2026-03-01,219.99,221.02,139,139
DDR5 5600 16GB,5,5600,16,2026-04-01,219.99,218.05,128,129
DDR5 5600 16GB,5,5600,16,2026-05-01,199.99,201.94,41,47
DDR5 5600 24GB,5,5600,24,2025-10-01,95.0,105.62,13,13
DDR5 5600 24GB,5,5600,24,2026-02-01,200.0,200.0,4,4
DDR5 5600 24GB,5,5600,24,2026-03-01,200.0,200.0,10,10
DDR5 5600 32GB,5,5600,32,2025-09-01,94.99,94.1,44,52
DDR5 5600 32GB,5,5600,32,2025-10-01,115.0,122.47,219,219
DDR5 5600 32GB,5,5600,32,2025-11-01,205.0,224.31,137,137
DDR5 5600 32GB,5,5600,32,2025-12-01,300.0,313.69,77,77
DDR5 5600 32GB,5,5600,32,2026-01-01,369.99,369.6,118,140
DDR5 5600 32GB,5,5600,32,2026-02-01,389.99,388.75,139,154
DDR5 5600 32GB,5,5600,32,2026-03-01,389.99,381.87,230,249
DDR5 5600 32GB,5,5600,32,2026-04-01,354.5,364.25,220,220
DDR5 5600 32GB,5,5600,32,2026-05-01,394.99,387.9,23,23
DDR5 5600 64GB,5,5600,64,2025-09-01,200.0,198.86,32,32
DDR5 5600 64GB,5,5600,64,2025-10-01,229.99,237.52,122,125
DDR5 5600 64GB,5,5600,64,2025-11-01,379.99,412.95,52,55
DDR5 5600 64GB,5,5600,64,2025-12-01,489.99,487.08,24,27
DDR5 5600 64GB,5,5600,64,2026-01-01,699.99,679.77,39,40
DDR5 5600 64GB,5,5600,64,2026-02-01,679.99,702.47,62,62
DDR5 5600 64GB,5,5600,64,2026-03-01,649.0,663.01,95,95
DDR5 5600 64GB,5,5600,64,2026-04-01,789.99,688.8,57,57
DDR5 5600 64GB,5,5600,64,2026-05-01,799.99,795.62,16,18
DDR5 5600 8GB,5,5600,8,2025-11-01,54.99,54.99,9,9
DDR5 5600 8GB,5,5600,8,2026-04-01,94.75,111.9,16,16
DDR5 5600 8GB,5,5600,8,2026-05-01,98.0,98.0,4,4
DDR5 5600 96GB,5,5600,96,2025-11-01,340.0,340.0,5,5
DDR5 5600 96GB,5,5600,96,2025-12-01,750.0,816.67,3,3
DDR5 5600 96GB,5,5600,96,2026-02-01,995.0,995.0,18,19
DDR5 5600 96GB,5,5600,96,2026-03-01,995.0,995.0,13,14
DDR5 5600 96GB,5,5600,96,2026-04-01,995.0,943.0,3,3
DDR5 5800 32GB,5,5800,32,2025-09-01,60.0,60.0,5,6
DDR5 6000 128GB,5,6000,128,2026-02-01,1249.99,1249.99,4,5
DDR5 6000 128GB,5,6000,128,2026-03-01,1274.99,1191.58,12,12
DDR5 6000 128GB,5,6000,128,2026-04-01,1799.99,1799.99,4,4
DDR5 6000 16GB,5,6000,16,2025-09-01,54.99,53.87,50,66
DDR5 6000 16GB,5,6000,16,2025-10-01,76.99,78.32,141,141
DDR5 6000 16GB,5,6000,16,2025-11-01,144.99,132.57,117,117
DDR5 6000 16GB,5,6000,16,2025-12-01,172.99,169.6,159,161
DDR5 6000 16GB,5,6000,16,2026-01-01,199.99,197.93,203,208
DDR5 6000 16GB,5,6000,16,2026-02-01,189.99,197.99,355,355
DDR5 6000 16GB,5,6000,16,2026-03-01,199.99,205.02,299,299
DDR5 6000 16GB,5,6000,16,2026-04-01,190.0,190.1,332,367
DDR5 6000 16GB,5,6000,16,2026-05-01,199.99,192.84,70,71
DDR5 6000 32GB,5,6000,32,2025-09-01,99.99,100.19,299,301
DDR5 6000 32GB,5,6000,32,2025-10-01,140.0,139.98,426,437
DDR5 6000 32GB,5,6000,32,2025-11-01,281.99,270.33,331,361
DDR5 6000 32GB,5,6000,32,2025-12-01,338.88,339.05,588,612
DDR5 6000 32GB,5,6000,32,2026-01-01,375.0,378.63,413,456
DDR5 6000 32GB,5,6000,32,2026-02-01,374.99,381.18,816,860
DDR5 6000 32GB,5,6000,32,2026-03-01,385.0,384.71,852,861
DDR5 6000 32GB,5,6000,32,2026-04-01,360.0,373.27,750,763
DDR5 6000 32GB,5,6000,32,2026-05-01,389.99,381.7,142,145
DDR5 6000 48GB,5,6000,48,2025-09-01,151.99,152.79,35,44
DDR5 6000 48GB,5,6000,48,2025-10-01,223.99,218.91,125,125
DDR5 6000 48GB,5,6000,48,2025-11-01,354.99,359.19,66,66
DDR5 6000 48GB,5,6000,48,2025-12-01,514.99,514.16,6,7
DDR5 6000 48GB,5,6000,48,2026-01-01,659.99,673.99,10,12
DDR5 6000 48GB,5,6000,48,2026-02-01,439.95,441.95,20,25
DDR5 6000 48GB,5,6000,48,2026-03-01,563.01,555.21,30,30
DDR5 6000 48GB,5,6000,48,2026-04-01,599.99,599.99,11,12
DDR5 6000 64GB,5,6000,64,2025-09-01,200.0,211.02,35,38
DDR5 6000 64GB,5,6000,64,2025-10-01,279.99,271.25,97,97
DDR5 6000 64GB,5,6000,64,2025-11-01,425.0,468.43,71,77
DDR5 6000 64GB,5,6000,64,2025-12-01,589.5,570.76,98,110
DDR5 6000 64GB,5,6000,64,2026-01-01,649.99,637.46,74,77
DDR5 6000 64GB,5,6000,64,2026-02-01,599.98,629.11,120,122
DDR5 6000 64GB,5,6000,64,2026-03-01,699.0,666.92,156,172
DDR5 6000 64GB,5,6000,64,2026-04-01,700.0,721.76,160,194
DDR5 6000 64GB,5,6000,64,2026-05-01,739.99,737.5,42,42
DDR5 6000 96GB,5,6000,96,2025-09-01,329.99,323.85,22,22
DDR5 6000 96GB,5,6000,96,2025-10-01,459.99,436.55,48,48
DDR5 6000 96GB,5,6000,96,2025-11-01,814.99,799.46,38,38
DDR5 6000 96GB,5,6000,96,2025-12-01,1099.99,1063.56,7,8
DDR5 6000 96GB,5,6000,96,2026-02-01,899.99,974.99,12,12
DDR5 6000 96GB,5,6000,96,2026-03-01,900.0,922.22,9,9
DDR5 6200 32GB,5,6200,32,2025-09-01,97.99,98.18,27,27
DDR5 6200 32GB,5,6200,32,2025-10-01,135.0,143.21,69,69
DDR5 6200 32GB,5,6200,32,2025-11-01,274.99,256.08,44,44
DDR5 6200 32GB,5,6200,32,2025-12-01,342.49,335.12,40,48
DDR5 6200 32GB,5,6200,32,2026-02-01,491.99,486.72,15,15
DDR5 6200 32GB,5,6200,32,2026-04-01,399.99,399.99,6,6
DDR5 6200 32GB,5,6200,32,2026-05-01,399.99,399.99,7,7
DDR5 6200 64GB,5,6200,64,2025-09-01,204.99,204.99,6,8
DDR5 6200 64GB,5,6200,64,2025-10-01,324.99,318.94,19,19
DDR5 6200 64GB,5,6200,64,2025-11-01,449.99,496.66,15,15
DDR5 6400 128GB,5,6400,128,2025-11-01,674.99,671.66,3,3
DDR5 6400 128GB,5,6400,128,2026-02-01,1198.99,1198.99,11,14
DDR5 6400 16GB,5,6400,16,2025-10-01,89.0,89.0,8,9
DDR5 6400 16GB,5,6400,16,2025-11-01,95.0,95.0,7,9
DDR5 6400 16GB,5,6400,16,2025-12-01,149.0,167.0,5,5
DDR5 6400 16GB,5,6400,16,2026-01-01,332.5,310.0,4,4
DDR5 6400 32GB,5,6400,32,2025-09-01,94.99,97.16,24,26
DDR5 6400 32GB,5,6400,32,2025-10-01,158.99,152.66,74,75
DDR5 6400 32GB,5,6400,32,2025-11-01,245.0,252.92,126,126
DDR5 6400 32GB,5,6400,32,2025-12-01,339.99,342.22,186,212
DDR5 6400 32GB,5,6400,32,2026-01-01,379.99,390.2,112,116
DDR5 6400 32GB,5,6400,32,2026-02-01,449.99,439.38,116,116
DDR5 6400 32GB,5,6400,32,2026-03-01,459.99,442.61,120,120
DDR5 6400 32GB,5,6400,32,2026-04-01,360.0,373.16,102,102
DDR5 6400 32GB,5,6400,32,2026-05-01,400.0,378.0,15,16
DDR5 6400 48GB,5,6400,48,2025-09-01,164.99,164.99,6,8
DDR5 6400 48GB,5,6400,48,2025-10-01,214.99,218.05,75,75
DDR5 6400 48GB,5,6400,48,2025-11-01,359.99,373.8,64,64
DDR5 6400 48GB,5,6400,48,2025-12-01,500.0,495.19,26,27
DDR5 6400 48GB,5,6400,48,2026-01-01,469.99,523.99,5,5
DDR5 6400 48GB,5,6400,48,2026-02-01,479.99,477.13,7,8
DDR5 6400 48GB,5,6400,48,2026-04-01,489.0,486.39,53,54
DDR5 6400 48GB,5,6400,48,2026-05-01,459.0,456.7,10,11
DDR5 6400 64GB,5,6400,64,2025-09-01,219.99,221.61,27,27
DDR5 6400 64GB,5,6400,64,2025-10-01,269.99,280.99,93,93
DDR5 6400 64GB,5,6400,64,2025-11-01,425.0,406.48,37,41
DDR5 6400 64GB,5,6400,64,2025-12-01,748.0,697.56,41,41
DDR5 6400 64GB,5,6400,64,2026-01-01,650.0,622.02,44,54
DDR5 6400 64GB,5,6400,64,2026-02-01,650.0,630.42,58,58
DDR5 6400 64GB,5,6400,64,2026-03-01,640.0,636.63,43,49
DDR5 6400 64GB,5,6400,64,2026-04-01,669.99,666.52,48,56
DDR5 6400 64GB,5,6400,64,2026-05-01,674.99,681.29,10,12
DDR5 6400 94GB,5,6400,94,2025-09-01,364.99,364.99,5,5
DDR5 6400 94GB,5,6400,94,2025-10-01,389.99,389.99,3,4
DDR5 6400 94GB,5,6400,94,2025-11-01,819.99,787.8,16,16
DDR5 6400 94GB,5,6400,94,2025-12-01,1099.99,1083.32,3,3
DDR5 6400 94GB,5,6400,94,2026-03-01,1349.99,1349.99,3,3
DDR5 6400 96GB,5,6400,96,2025-09-01,334.99,334.99,4,4
DDR5 6400 96GB,5,6400,96,2025-10-01,379.99,402.03,27,27
DDR5 6400 96GB,5,6400,96,2025-11-01,519.99,841.49,8,8
DDR5 6400 96GB,5,6400,96,2026-01-01,1030.0,1086.91,23,23
DDR5 6400 96GB,5,6400,96,2026-02-01,924.5,895.66,6,6
DDR5 6400 96GB,5,6400,96,2026-04-01,799.99,776.66,15,16
DDR5 6400 96GB,5,6400,96,2026-05-01,850.0,865.0,6,6
DDR5 6600 32GB,5,6600,32,2025-09-01,99.99,104.29,23,24
DDR5 6600 32GB,5,6600,32,2025-10-01,154.99,154.93,68,68
DDR5 6600 32GB,5,6600,32,2025-11-01,204.99,248.1,37,37
DDR5 6600 32GB,5,6600,32,2026-02-01,501.46,501.46,11,12
DDR5 6600 32GB,5,6600,32,2026-03-01,471.96,471.96,4,5
DDR5 6600 64GB,5,6600,64,2025-12-01,742.37,724.57,21,22
DDR5 6600 64GB,5,6600,64,2026-03-01,645.0,669.62,13,13
DDR5 6600 64GB,5,6600,64,2026-04-01,645.0,645.0,5,5
DDR5 6600 96GB,5,6600,96,2026-01-01,1170.0,1113.0,3,3
DDR5 6600 96GB,5,6600,96,2026-02-01,999.0,999.0,5,5
DDR5 6800 32GB,5,6800,32,2025-09-01,116.49,117.16,12,12
DDR5 6800 32GB,5,6800,32,2025-10-01,142.49,153.48,26,26
DDR5 6800 32GB,5,6800,32,2025-11-01,294.99,277.43,25,25
DDR5 6800 32GB,5,6800,32,2025-12-01,399.99,399.99,8,8
DDR5 6800 96GB,5,6800,96,2025-11-01,463.95,463.95,5,5
DDR5 7000 16GB,5,7000,16,2026-02-01,200.0,200.0,5,5
DDR5 7000 32GB,5,7000,32,2025-09-01,121.99,123.38,56,56
DDR5 7000 32GB,5,7000,32,2025-10-01,164.99,166.44,93,93
DDR5 7000 32GB,5,7000,32,2025-11-01,249.99,289.24,77,77
DDR5 7000 32GB,5,7000,32,2025-12-01,454.99,454.99,9,12
DDR5 7000 32GB,5,7000,32,2026-01-01,800.0,800.0,3,4
DDR5 7000 32GB,5,7000,32,2026-02-01,719.99,731.96,30,30
DDR5 7000 32GB,5,7000,32,2026-03-01,799.99,799.99,3,3
DDR5 7000 32GB,5,7000,32,2026-05-01,534.14,534.14,4,4
DDR5 7200 32GB,5,7200,32,2025-09-01,159.99,146.38,18,18
DDR5 7200 32GB,5,7200,32,2025-10-01,159.99,158.51,27,38
DDR5 7200 32GB,5,7200,32,2025-11-01,249.0,253.65,26,26
DDR5 7200 32GB,5,7200,32,2025-12-01,375.0,375.0,21,24
DDR5 7200 32GB,5,7200,32,2026-01-01,479.95,479.28,15,16
DDR5 7200 32GB,5,7200,32,2026-02-01,349.95,463.5,23,23
DDR5 7200 32GB,5,7200,32,2026-03-01,329.95,335.96,10,12
DDR5 7200 32GB,5,7200,32,2026-04-01,409.0,409.88,4,5
DDR5 7200 48GB,5,7200,48,2025-11-01,319.99,319.99,5,5
DDR5 7200 48GB,5,7200,48,2025-12-01,560.0,582.5,12,12
DDR5 7200 48GB,5,7200,48,2026-01-01,449.99,449.99,8,11
DDR5 7200 48GB,5,7200,48,2026-02-01,629.0,626.33,3,3
DDR5 7200 48GB,5,7200,48,2026-03-01,599.99,578.8,15,15
DDR5 7400 32GB,5,7400,32,2025-09-01,124.99,126.07,12,12
DDR5 7400 32GB,5,7400,32,2025-10-01,159.99,166.42,28,28
DDR5 7400 32GB,5,7400,32,2025-11-01,269.99,253.56,21,21
DDR5 7600 32GB,5,7600,32,2025-09-01,130.0,130.0,7,8
DDR5 7600 32GB,5,7600,32,2025-10-01,147.99,147.99,20,23
DDR5 7600 32GB,5,7600,32,2025-11-01,339.99,339.99,12,13
DDR5 7600 32GB,5,7600,32,2025-12-01,339.99,339.99,24,29
DDR5 7600 32GB,5,7600,32,2026-02-01,450.0,463.33,9,11
DDR5 7600 32GB,5,7600,32,2026-04-01,365.0,365.0,3,3
DDR5 7800 32GB,5,7800,32,2026-03-01,375.0,375.0,20,26
DDR5 7800 32GB,5,7800,32,2026-04-01,360.0,360.0,9,11
DDR5 7800 32GB,5,7800,32,2026-05-01,400.0,400.0,5,6
DDR5 8000 24GB,5,8000,24,2025-12-01,550.0,550.0,4,4
DDR5 8000 24GB,5,8000,24,2026-01-01,499.0,499.0,6,6
DDR5 8000 32GB,5,8000,32,2025-09-01,288.58,288.58,9,11
DDR5 8000 32GB,5,8000,32,2025-10-01,247.49,252.04,11,11
DDR5 8000 32GB,5,8000,32,2025-11-01,381.49,400.41,13,14
DDR5 8000 32GB,5,8000,32,2025-12-01,484.49,484.49,15,18
DDR5 8000 32GB,5,8000,32,2026-01-01,597.49,714.5,30,30
DDR5 8000 32GB,5,8000,32,2026-02-01,617.99,610.79,37,47
DDR5 8000 32GB,5,8000,32,2026-03-01,700.49,662.32,24,24
DDR5 8000 32GB,5,8000,32,2026-04-01,700.49,700.49,10,12
DDR5 8000 32GB,5,8000,32,2026-05-01,700.49,700.49,7,7
DDR5 8000 48GB,5,8000,48,2025-09-01,184.99,281.89,11,11
DDR5 8000 48GB,5,8000,48,2025-10-01,199.99,229.99,48,48
DDR5 8000 48GB,5,8000,48,2025-11-01,399.99,373.94,62,62
DDR5 8000 48GB,5,8000,48,2025-12-01,499.99,505.39,45,45
DDR5 8000 48GB,5,8000,48,2026-02-01,749.99,749.99,24,24
DDR5 8000 48GB,5,8000,48,2026-03-01,749.99,749.99,14,15
DDR5 8800 24GB,5,8800,24,2025-09-01,339.73,339.73,10,10
DDR5 8800 48GB,5,8800,48,2026-03-01,650.0,650.0,27,36
DDR5 8800 48GB,5,8800,48,2026-04-01,650.0,650.0,19,19
DDR5 9000 48GB,5,9000,48,2025-10-01,323.96,335.96,12,12
DDR5 9000 48GB,5,9000,48,2026-03-01,725.0,725.0,14,14
